timestamp,alarm_type,site_id,severity,temperature,duration_minutes
2025-03-02 16:16:48.998665,Interface Flapping,Site_8,Minor,31.5,55
2025-03-02 18:42:17.166355,Authentication Failure,Site_7,Major,34.3,89
2025-03-02 19:03:54.570490,Memory Overflow,Site_11,Info,26.1,172
2025-03-02 19:58:08.741224,Authentication Failure,Site_10,Critical,21.3,125
2025-03-02 20:12:28.407980,Memory Overflow,Site_8,Info,21.1,108
2025-03-02 22:20:41.532799,Packet Loss,Site_11,Minor,21.8,158
2025-03-02 22:45:32.583673,Latency Spike,Site_1,Warning,27.4,90
2025-03-02 23:31:48.134127,Config Change,Site_9,Major,26.3,63
2025-03-03 02:00:52.100723,Config Change,Site_10,Major,18.9,54
2025-03-03 04:47:54.100918,Config Change,Site_6,Critical,23.2,48
2025-03-03 05:40:32.397093,Temperature Alert,Site_13,Info,22.1,64
2025-03-03 08:21:45.747837,Authentication Failure,Site_15,Warning,31.0,38
2025-03-03 08:30:57.026541,Memory Overflow,Site_19,Major,19.0,139
2025-03-03 13:41:35.042719,Power Issue,Site_7,Warning,33.1,25
2025-03-03 15:02:01.419845,High CPU,Site_20,Warning,30.8,176
2025-03-03 16:14:50.321753,Memory Overflow,Site_5,Warning,27.6,10
2025-03-03 18:47:44.051813,Latency Spike,Site_6,Info,28.7,173
2025-03-03 20:14:25.340954,Link Down,Site_9,Major,24.7,119
2025-03-03 21:52:31.493542,Packet Loss,Site_9,Info,26.3,133
2025-03-03 23:40:08.422640,Latency Spike,Site_11,Critical,27.9,113
2025-03-04 00:25:42.392114,High CPU,Site_17,Warning,23.8,8
2025-03-04 00:49:55.447475,Config Change,Site_17,Critical,32.6,173
2025-03-04 01:23:05.272337,Packet Loss,Site_17,Critical,20.7,7
2025-03-04 01:33:29.605597,Authentication Failure,Site_17,Warning,23.2,146
2025-03-04 04:38:45.932417,Link Down,Site_10,Warning,29.6,87
2025-03-04 08:29:30.905034,Temperature Alert,Site_16,Major,23.6,29
2025-03-04 09:07:57.118503,High CPU,Site_20,Info,21.4,32
2025-03-04 12:17:15.900939,Interface Flapping,Site_12,Minor,30.7,113
2025-03-04 13:13:12.497558,Interface Flapping,Site_13,Warning,28.9,68
2025-03-04 17:05:53.000939,High CPU,Site_8,Major,34.5,40
2025-03-04 18:33:36.091050,Memory Overflow,Site_8,Info,33.8,85
2025-03-04 23:43:51.060309,Power Issue,Site_11,Minor,32.3,60
2025-03-05 01:04:07.908041,Authentication Failure,Site_2,Minor,32.4,80
2025-03-05 05:05:30.028796,Temperature Alert,Site_4,Major,34.1,119
2025-03-05 07:05:32.292516,Temperature Alert,Site_15,Major,30.1,149
2025-03-05 07:12:57.945281,Latency Spike,Site_1,Critical,33.8,97
2025-03-05 14:27:04.966962,Authentication Failure,Site_4,Info,33.6,117
2025-03-05 14:42:37.014210,Config Change,Site_8,Minor,20.9,22
2025-03-05 18:42:58.055851,Link Down,Site_7,Major,33.6,71
2025-03-05 20:05:59.842659,High CPU,Site_5,Minor,26.7,111
2025-03-05 22:14:35.877585,Interface Flapping,Site_5,Info,23.9,81
2025-03-05 23:01:16.199612,Power Issue,Site_10,Warning,32.0,75
2025-03-05 23:58:35.086946,Packet Loss,Site_15,Warning,35.9,136
2025-03-06 02:17:24.130180,Power Issue,Site_5,Major,26.3,90
2025-03-06 03:16:48.355934,Temperature Alert,Site_4,Critical,30.6,154
2025-03-06 03:39:11.867306,Interface Flapping,Site_6,Warning,30.0,132
2025-03-06 04:03:24.280916,Temperature Alert,Site_11,Minor,33.0,16
2025-03-06 04:28:47.056520,Temperature Alert,Site_15,Major,29.0,7
2025-03-06 06:41:06.834063,Temperature Alert,Site_15,Major,25.2,95
2025-03-06 08:16:00.492744,Authentication Failure,Site_15,Info,35.7,153
2025-03-06 09:52:40.424743,Latency Spike,Site_13,Critical,18.2,164
2025-03-06 10:13:21.677301,Authentication Failure,Site_10,Major,27.2,31
2025-03-06 11:30:00.622396,Interface Flapping,Site_19,Major,30.4,104
2025-03-06 14:25:02.407426,Power Issue,Site_7,Minor,34.0,61
2025-03-06 19:31:16.511932,Memory Overflow,Site_12,Critical,19.5,63
2025-03-06 22:39:14.043979,Power Issue,Site_14,Warning,32.5,62
2025-03-06 23:32:55.859510,Power Issue,Site_20,Major,25.3,50
2025-03-07 03:25:32.798117,Memory Overflow,Site_10,Warning,25.6,25
2025-03-07 04:23:52.548691,Interface Flapping,Site_8,Info,33.8,31
2025-03-07 10:09:35.476909,Interface Flapping,Site_20,Minor,31.0,14
2025-03-07 11:26:00.292604,High CPU,Site_7,Info,23.8,115
2025-03-07 12:40:26.550962,Memory Overflow,Site_7,Minor,33.8,80
2025-03-07 13:05:50.905718,High CPU,Site_14,Info,22.6,29
2025-03-07 14:51:02.155088,Temperature Alert,Site_15,Major,25.8,83
2025-03-07 15:14:14.350769,Memory Overflow,Site_20,Critical,31.0,74
2025-03-07 16:21:31.808495,High CPU,Site_18,Info,36.2,88
2025-03-07 16:47:09.712907,Memory Overflow,Site_18,Warning,28.1,51
2025-03-07 17:27:48.738626,Interface Flapping,Site_11,Warning,25.9,124
2025-03-07 18:15:24.734558,Temperature Alert,Site_6,Minor,26.4,90
2025-03-07 22:28:27.635119,Link Down,Site_12,Warning,18.6,89
2025-03-07 23:10:31.628445,Latency Spike,Site_16,Warning,19.8,68
2025-03-07 23:44:30.497183,Memory Overflow,Site_15,Minor,24.9,128
2025-03-08 01:54:12.816726,Interface Flapping,Site_1,Major,25.3,169
2025-03-08 02:15:00.500410,Authentication Failure,Site_2,Warning,22.9,87
2025-03-08 06:07:17.525414,Link Down,Site_11,Warning,32.5,63
2025-03-08 06:53:12.576875,Config Change,Site_19,Warning,34.9,51
2025-03-08 07:31:17.752572,Latency Spike,Site_9,Warning,20.9,98
2025-03-08 09:55:24.553891,High CPU,Site_6,Minor,28.1,162
2025-03-08 14:00:47.265580,Memory Overflow,Site_6,Critical,20.2,154
2025-03-08 14:34:47.547889,Link Down,Site_16,Info,27.7,82
2025-03-08 19:50:35.923788,Power Issue,Site_9,Warning,21.4,7
2025-03-08 22:44:30.944175,Link Down,Site_11,Warning,32.5,130
2025-03-09 02:00:16.984555,Packet Loss,Site_11,Warning,30.5,177
2025-03-09 04:09:13.679495,Packet Loss,Site_10,Minor,29.1,169
2025-03-09 05:02:03.780515,Interface Flapping,Site_19,Warning,21.1,145
2025-03-09 05:05:06.066418,Link Down,Site_12,Major,27.9,163
2025-03-09 05:32:43.689428,Interface Flapping,Site_12,Warning,34.4,137
2025-03-09 05:41:11.625863,Temperature Alert,Site_5,Info,19.6,177
2025-03-09 07:55:30.073105,Memory Overflow,Site_20,Major,27.7,169
2025-03-09 09:02:05.033144,Power Issue,Site_13,Info,28.9,90
2025-03-09 09:31:10.961532,Memory Overflow,Site_16,Major,30.2,5
2025-03-09 11:23:37.184372,Temperature Alert,Site_7,Major,32.8,152
2025-03-09 12:14:29.105795,Latency Spike,Site_6,Major,22.7,170
2025-03-09 15:44:38.407631,Authentication Failure,Site_7,Warning,28.6,105
2025-03-09 16:19:20.759041,Memory Overflow,Site_2,Info,32.8,178
2025-03-09 23:55:07.523569,Memory Overflow,Site_19,Warning,33.0,70
2025-03-10 01:41:48.706001,Latency Spike,Site_6,Critical,20.9,116
2025-03-10 02:33:29.349171,Authentication Failure,Site_13,Warning,26.4,43
2025-03-10 12:00:34.109427,Packet Loss,Site_2,Warning,20.4,28
2025-03-10 13:39:36.076515,Packet Loss,Site_17,Info,24.0,54
2025-03-10 13:48:09.304223,High CPU,Site_11,Minor,31.8,168
2025-03-10 16:51:57.438454,Power Issue,Site_20,Major,21.0,112
2025-03-10 17:09:00.756709,Interface Flapping,Site_10,Info,21.4,146
2025-03-10 17:59:18.387562,Interface Flapping,Site_10,Minor,18.8,62
2025-03-10 18:56:54.935953,Authentication Failure,Site_1,Warning,18.0,89
2025-03-10 22:11:31.652791,Authentication Failure,Site_4,Info,35.8,68
2025-03-10 22:52:52.065576,Latency Spike,Site_7,Major,22.1,45
2025-03-11 00:32:53.222885,Authentication Failure,Site_14,Major,22.7,94
2025-03-11 01:39:25.158503,Interface Flapping,Site_15,Info,39.6,77
2025-03-11 02:52:25.058904,Temperature Alert,Site_18,Major,36.8,168
2025-03-11 05:06:42.824217,Authentication Failure,Site_15,Info,30.4,89
2025-03-11 06:02:01.251839,Memory Overflow,Site_14,Major,26.9,169
2025-03-11 07:01:39.416919,Memory Overflow,Site_5,Info,33.1,170
2025-03-11 07:16:43.884269,Memory Overflow,Site_13,Major,21.6,128
2025-03-11 08:15:49.327195,Config Change,Site_20,Warning,26.1,1
2025-03-11 11:13:16.740142,Config Change,Site_5,Info,26.7,78
2025-03-11 12:12:06.202981,Power Issue,Site_4,Minor,33.0,64
2025-03-11 13:08:44.712482,Power Issue,Site_3,Critical,33.2,174
2025-03-11 15:48:26.154238,Memory Overflow,Site_8,Critical,28.2,7
2025-03-11 15:51:31.414080,Authentication Failure,Site_3,Minor,29.8,58
2025-03-11 20:42:53.080433,Temperature Alert,Site_20,Critical,23.7,79
2025-03-11 22:46:56.001970,Temperature Alert,Site_4,Major,39.3,32
2025-03-11 23:00:26.481182,Link Down,Site_5,Warning,33.6,169
2025-03-11 23:32:40.872611,Link Down,Site_1,Info,19.8,43
2025-03-12 00:46:42.022661,Latency Spike,Site_12,Minor,29.6,72
2025-03-12 01:39:01.128777,Interface Flapping,Site_4,Warning,23.7,34
2025-03-12 03:23:30.134738,Authentication Failure,Site_10,Major,30.8,89
2025-03-12 04:48:52.578596,Power Issue,Site_4,Major,27.6,59
2025-03-12 07:45:19.652413,Link Down,Site_19,Info,24.6,75
2025-03-12 09:45:46.186101,Link Down,Site_3,Info,25.4,122
2025-03-12 12:51:29.743688,Packet Loss,Site_3,Major,30.3,177
2025-03-12 18:00:38.235216,Power Issue,Site_14,Info,34.8,99
2025-03-12 19:54:35.403957,Packet Loss,Site_20,Warning,26.5,62
2025-03-12 20:29:23.514108,Latency Spike,Site_15,Info,31.0,172
2025-03-12 21:05:41.193512,Config Change,Site_5,Warning,26.2,15
2025-03-12 22:28:25.678842,Power Issue,Site_10,Critical,22.7,147
2025-03-12 23:26:52.357810,Temperature Alert,Site_15,Major,28.1,140
2025-03-13 01:02:04.004510,Memory Overflow,Site_16,Critical,33.2,165
2025-03-13 03:40:44.668189,High CPU,Site_19,Major,20.5,109
2025-03-13 11:25:30.238031,Latency Spike,Site_5,Major,27.4,73
2025-03-13 13:33:17.745579,High CPU,Site_16,Critical,26.7,106
2025-03-13 15:07:04.534659,Temperature Alert,Site_18,Major,36.2,133
2025-03-13 16:13:01.774728,Temperature Alert,Site_4,Major,26.2,48
2025-03-13 18:49:13.084972,Packet Loss,Site_14,Warning,28.6,149
2025-03-13 23:48:25.736127,Interface Flapping,Site_3,Major,21.0,87
2025-03-14 00:39:08.938068,Config Change,Site_12,Info,21.9,71
2025-03-14 04:22:32.413908,Config Change,Site_7,Warning,30.2,92
2025-03-14 04:33:05.539140,Latency Spike,Site_9,Info,26.8,60
2025-03-14 06:33:24.352790,Power Issue,Site_5,Minor,20.7,164
2025-03-14 09:50:28.159078,High CPU,Site_12,Critical,20.1,16
2025-03-14 11:53:33.058294,Temperature Alert,Site_10,Minor,28.4,43
2025-03-14 12:07:28.605307,Temperature Alert,Site_4,Major,25.2,134
2025-03-14 15:19:39.829123,Temperature Alert,Site_6,Warning,28.1,135
2025-03-14 16:45:37.105226,Interface Flapping,Site_18,Info,29.8,88
2025-03-14 17:31:05.199432,High CPU,Site_10,Warning,18.8,31
2025-03-14 19:11:44.976914,Power Issue,Site_2,Minor,31.1,145
2025-03-14 19:11:53.234200,Temperature Alert,Site_18,Major,35.2,77
2025-03-14 19:33:18.519800,High CPU,Site_2,Major,34.5,63
2025-03-14 20:22:34.493945,Config Change,Site_20,Info,21.3,133
2025-03-14 21:14:12.078406,Config Change,Site_15,Warning,26.9,121
2025-03-14 22:19:47.105520,Packet Loss,Site_14,Info,18.5,175
2025-03-14 22:40:20.955520,Memory Overflow,Site_7,Warning,31.4,80
2025-03-14 22:57:49.928392,Power Issue,Site_17,Minor,34.6,167
2025-03-14 23:26:50.067526,Memory Overflow,Site_4,Warning,38.5,83
2025-03-15 01:24:40.699339,Temperature Alert,Site_10,Info,22.1,3
2025-03-15 03:35:36.434651,Link Down,Site_16,Minor,24.5,119
2025-03-15 03:56:15.577991,Packet Loss,Site_2,Info,30.9,175
2025-03-15 06:27:38.646609,Link Down,Site_13,Warning,29.8,18
2025-03-15 08:46:23.486536,Interface Flapping,Site_3,Minor,27.6,98
2025-03-15 09:40:56.551206,Temperature Alert,Site_12,Major,31.4,34
2025-03-15 10:08:42.949664,Packet Loss,Site_15,Major,35.7,152
2025-03-15 11:19:33.097173,Power Issue,Site_13,Critical,30.6,112
2025-03-15 12:45:32.685566,Link Down,Site_2,Info,20.4,107
2025-03-15 15:46:23.249929,Authentication Failure,Site_12,Critical,32.9,43
2025-03-15 20:10:25.861868,Authentication Failure,Site_16,Info,28.2,156
2025-03-15 21:41:39.907774,Packet Loss,Site_2,Minor,29.2,150
2025-03-15 22:25:30.249700,Link Down,Site_20,Info,23.9,126
2025-03-15 22:45:14.707058,Authentication Failure,Site_5,Warning,21.5,70
2025-03-15 23:03:36.775914,Config Change,Site_9,Critical,19.9,69
2025-03-16 00:08:47.766305,Temperature Alert,Site_4,Major,39.3,12
2025-03-16 01:32:19.236496,Temperature Alert,Site_2,Critical,27.4,171
2025-03-16 03:27:29.506137,Latency Spike,Site_2,Major,31.8,35
2025-03-16 05:17:16.103529,Interface Flapping,Site_11,Minor,28.5,86
2025-03-16 10:23:02.949669,Authentication Failure,Site_15,Warning,24.9,7
2025-03-16 12:23:58.177749,Temperature Alert,Site_13,Critical,30.0,25
2025-03-16 13:26:54.899584,Power Issue,Site_17,Minor,26.4,158
2025-03-16 13:28:06.970752,Link Down,Site_17,Warning,30.4,92
2025-03-16 18:52:37.227565,Packet Loss,Site_17,Critical,18.1,165
2025-03-16 22:37:50.465006,High CPU,Site_15,Major,26.9,44
2025-03-16 23:54:56.919515,Power Issue,Site_9,Info,26.0,3
2025-03-17 04:36:02.207566,Memory Overflow,Site_19,Warning,18.5,121
2025-03-17 06:24:08.560301,Memory Overflow,Site_16,Critical,19.6,122
2025-03-17 06:40:14.860322,Link Down,Site_16,Info,26.7,98
2025-03-17 07:20:22.233870,Packet Loss,Site_16,Critical,29.4,23
2025-03-17 07:42:48.696181,Packet Loss,Site_5,Info,29.8,151
2025-03-17 09:04:19.657280,Power Issue,Site_19,Minor,20.0,139
2025-03-17 09:56:26.213475,Packet Loss,Site_17,Major,24.2,161
2025-03-17 17:52:17.591294,Latency Spike,Site_6,Critical,33.2,45
2025-03-17 19:07:27.825821,Power Issue,Site_19,Info,25.1,36
2025-03-17 20:26:25.200153,Authentication Failure,Site_20,Critical,33.2,139
2025-03-18 00:18:32.148193,Latency Spike,Site_17,Major,21.9,38
2025-03-18 00:26:32.490840,High CPU,Site_20,Minor,31.1,4
2025-03-18 02:56:49.047149,Temperature Alert,Site_9,Critical,26.6,168
2025-03-18 05:07:48.145427,Packet Loss,Site_7,Minor,30.0,99
2025-03-18 12:37:36.835412,Temperature Alert,Site_18,Major,23.1,54
2025-03-18 19:06:14.097835,Packet Loss,Site_1,Minor,27.0,90
2025-03-18 19:09:14.911710,Power Issue,Site_5,Minor,34.9,107
2025-03-18 19:15:31.257368,Latency Spike,Site_13,Minor,22.4,96
2025-03-18 20:32:34.803230,Latency Spike,Site_15,Info,39.5,60
2025-03-18 21:06:41.770276,Temperature Alert,Site_2,Major,31.0,43
2025-03-19 02:08:56.147566,Power Issue,Site_6,Critical,22.6,97
2025-03-19 03:44:55.153815,Link Down,Site_9,Major,22.5,92
2025-03-19 04:17:39.829300,Interface Flapping,Site_17,Warning,32.4,93
2025-03-19 05:00:25.809043,Authentication Failure,Site_14,Warning,32.2,160
2025-03-19 06:42:53.038457,Interface Flapping,Site_18,Info,38.7,66
2025-03-19 14:15:20.470555,Temperature Alert,Site_11,Critical,29.2,8
2025-03-19 17:24:35.188679,Power Issue,Site_16,Minor,27.4,165
2025-03-19 22:22:19.427183,High CPU,Site_1,Warning,34.6,127
2025-03-19 23:02:07.969447,Packet Loss,Site_6,Info,32.8,122
2025-03-20 01:12:22.256259,Memory Overflow,Site_10,Critical,18.1,65
2025-03-20 02:08:41.041360,Latency Spike,Site_17,Minor,33.6,108
2025-03-20 07:47:06.059195,Memory Overflow,Site_3,Warning,29.3,11
2025-03-20 08:12:56.977690,Power Issue,Site_1,Info,29.5,136
2025-03-20 10:47:01.220998,Interface Flapping,Site_8,Minor,18.6,152
2025-03-20 10:47:10.409070,Config Change,Site_13,Minor,22.9,40
2025-03-20 12:49:17.213582,Packet Loss,Site_1,Info,23.5,175
2025-03-20 13:47:07.453413,Temperature Alert,Site_11,Minor,25.0,85
2025-03-20 13:49:45.902669,Memory Overflow,Site_5,Major,28.8,76
2025-03-20 16:32:47.152652,Authentication Failure,Site_20,Info,20.4,156
2025-03-20 18:13:20.667643,Authentication Failure,Site_10,Critical,30.5,54
2025-03-21 02:40:01.779017,Memory Overflow,Site_9,Info,19.9,117
2025-03-21 03:26:26.267265,Memory Overflow,Site_19,Critical,20.7,70
2025-03-21 03:56:09.612310,Interface Flapping,Site_6,Major,18.6,129
2025-03-21 08:47:42.203893,Latency Spike,Site_19,Info,29.8,22
2025-03-21 09:45:29.645935,High CPU,Site_14,Minor,28.0,67
2025-03-21 10:32:13.348695,Memory Overflow,Site_14,Critical,32.2,7
2025-03-21 13:21:49.409621,High CPU,Site_18,Major,23.1,105
2025-03-21 13:51:39.631498,Temperature Alert,Site_3,Major,19.1,8
2025-03-21 20:31:34.431986,Latency Spike,Site_3,Warning,34.9,110
2025-03-21 23:41:48.191554,Config Change,Site_11,Major,26.2,144
2025-03-22 00:53:05.271632,Memory Overflow,Site_14,Critical,19.8,38
2025-03-22 00:56:16.841191,Authentication Failure,Site_10,Major,29.9,64
2025-03-22 07:24:12.428952,Temperature Alert,Site_19,Warning,20.4,15
2025-03-22 09:29:22.131174,Memory Overflow,Site_1,Warning,31.9,147
2025-03-22 13:29:24.367802,Latency Spike,Site_3,Minor,34.7,60
2025-03-22 16:26:42.889831,Memory Overflow,Site_15,Info,29.3,167
2025-03-22 17:51:29.905338,Temperature Alert,Site_7,Critical,23.9,135
2025-03-22 18:36:23.196355,Authentication Failure,Site_18,Minor,37.5,132
2025-03-22 19:32:47.801764,Power Issue,Site_3,Critical,33.8,94
2025-03-22 23:38:10.368254,Packet Loss,Site_7,Info,20.2,101
2025-03-22 23:50:39.845240,Authentication Failure,Site_11,Warning,26.6,67
2025-03-23 01:47:45.376478,Interface Flapping,Site_17,Critical,26.5,91
2025-03-23 04:11:26.307745,Config Change,Site_6,Info,26.4,114
2025-03-23 04:42:37.390970,Authentication Failure,Site_19,Info,23.1,69
2025-03-23 06:01:56.815246,Interface Flapping,Site_1,Critical,21.3,114
2025-03-23 07:04:28.332465,High CPU,Site_14,Warning,18.6,164
2025-03-23 08:56:32.796328,Memory Overflow,Site_14,Major,32.5,173
2025-03-23 13:05:54.837205,Config Change,Site_6,Warning,32.1,89
2025-03-23 14:17:31.615420,Power Issue,Site_7,Info,19.7,51
2025-03-23 15:07:22.874930,Authentication Failure,Site_13,Critical,27.8,120
2025-03-23 19:36:22.915152,Latency Spike,Site_1,Warning,33.8,162
2025-03-23 19:45:10.019140,Packet Loss,Site_7,Major,23.5,140
2025-03-23 20:51:38.078221,Packet Loss,Site_12,Info,29.5,63
2025-03-23 23:14:08.745292,Link Down,Site_3,Critical,27.7,31
2025-03-24 00:18:18.880615,Interface Flapping,Site_18,Major,25.4,143
2025-03-24 00:36:38.189558,Power Issue,Site_20,Warning,26.1,112
2025-03-24 02:53:53.511693,High CPU,Site_19,Major,25.2,56
2025-03-24 04:56:55.720205,Temperature Alert,Site_10,Critical,19.1,1
2025-03-24 07:28:04.078793,High CPU,Site_2,Warning,28.7,179
2025-03-24 11:37:34.624056,Authentication Failure,Site_7,Warning,28.7,37
2025-03-24 16:12:36.114358,Interface Flapping,Site_13,Warning,18.9,177
2025-03-24 16:32:39.365023,Memory Overflow,Site_16,Major,18.2,136
2025-03-24 17:14:35.113657,Latency Spike,Site_20,Major,29.0,176
2025-03-24 17:27:44.561116,High CPU,Site_13,Critical,32.4,178
2025-03-24 17:31:35.391017,Packet Loss,Site_7,Critical,33.2,15
2025-03-24 20:25:07.701123,Temperature Alert,Site_2,Major,34.1,136
2025-03-24 22:19:49.286747,Temperature Alert,Site_17,Critical,20.3,4
2025-03-24 22:49:56.282964,Link Down,Site_12,Major,33.4,18
2025-03-25 08:21:25.853036,Packet Loss,Site_12,Warning,25.0,164
2025-03-25 11:08:49.441510,Link Down,Site_16,Critical,18.5,80
2025-03-25 11:21:26.448052,Packet Loss,Site_17,Critical,27.7,6
2025-03-25 12:42:50.430285,Packet Loss,Site_3,Minor,21.4,91
2025-03-25 13:44:04.939002,Memory Overflow,Site_8,Critical,22.7,26
2025-03-25 13:57:53.531787,Temperature Alert,Site_15,Major,34.8,88
2025-03-25 18:36:09.562419,Temperature Alert,Site_14,Major,18.1,56
2025-03-26 00:18:12.975040,Memory Overflow,Site_2,Critical,23.1,60
2025-03-26 01:20:26.754108,Link Down,Site_11,Major,22.6,13
2025-03-26 01:30:55.142327,Packet Loss,Site_11,Info,21.4,129
2025-03-26 01:32:29.089706,Packet Loss,Site_1,Warning,28.1,112
2025-03-26 07:01:04.667518,Power Issue,Site_7,Info,22.2,171
2025-03-26 09:56:14.681091,Interface Flapping,Site_13,Warning,27.2,160
2025-03-26 12:15:45.407487,Authentication Failure,Site_5,Warning,30.3,41
2025-03-26 15:24:55.358378,Interface Flapping,Site_11,Critical,32.9,143
2025-03-26 16:26:07.873796,Temperature Alert,Site_3,Minor,33.1,133
2025-03-26 16:41:36.665025,Temperature Alert,Site_17,Info,22.0,36
2025-03-26 16:52:52.925237,Packet Loss,Site_9,Warning,28.5,177
2025-03-26 18:23:48.364526,Latency Spike,Site_7,Info,29.0,6
2025-03-26 18:58:01.909900,Config Change,Site_17,Major,23.2,73
2025-03-26 20:22:00.807162,Link Down,Site_14,Info,20.2,153
2025-03-26 21:56:44.291375,Packet Loss,Site_14,Warning,34.1,118
2025-03-27 00:47:59.028392,Interface Flapping,Site_15,Minor,33.0,43
2025-03-27 01:29:44.087213,Latency Spike,Site_8,Major,18.4,158
2025-03-27 01:37:38.605076,Authentication Failure,Site_10,Critical,22.7,10
2025-03-27 04:39:49.188688,High CPU,Site_18,Info,32.3,163
2025-03-27 06:42:36.289713,Memory Overflow,Site_18,Major,27.9,52
2025-03-27 07:42:02.769443,Temperature Alert,Site_3,Critical,32.3,31
2025-03-27 08:59:05.209244,Interface Flapping,Site_3,Critical,20.1,80
2025-03-27 12:21:04.880837,Packet Loss,Site_14,Critical,21.4,135
2025-03-27 13:34:12.492339,Link Down,Site_9,Info,18.9,30
2025-03-27 16:43:23.050447,Power Issue,Site_8,Warning,31.1,51
2025-03-27 19:00:48.908658,Memory Overflow,Site_2,Major,26.6,126
2025-03-28 00:36:57.837535,Temperature Alert,Site_4,Major,35.9,39
2025-03-28 02:08:32.430632,High CPU,Site_16,Info,22.9,137
2025-03-28 05:04:56.958101,Config Change,Site_2,Info,34.1,127
2025-03-28 05:07:41.801485,Memory Overflow,Site_3,Warning,30.1,155
2025-03-28 06:31:29.010447,Power Issue,Site_19,Info,34.0,165
2025-03-28 07:11:09.478697,Packet Loss,Site_15,Info,37.5,13
2025-03-28 09:08:49.917696,Config Change,Site_20,Major,32.3,55
2025-03-28 09:21:56.186024,Link Down,Site_16,Info,26.2,109
2025-03-28 15:06:46.145616,Temperature Alert,Site_18,Major,29.3,159
2025-03-28 16:54:17.513613,Link Down,Site_12,Warning,27.1,115
2025-03-28 18:37:54.175352,Link Down,Site_12,Minor,24.4,153
2025-03-28 21:51:31.197007,Authentication Failure,Site_3,Info,22.1,154
2025-03-28 22:12:05.811089,Temperature Alert,Site_4,Minor,31.2,136
2025-03-28 23:05:56.899432,Config Change,Site_2,Warning,29.9,143
2025-03-29 05:37:03.602622,Authentication Failure,Site_14,Minor,18.4,58
2025-03-29 06:41:45.643299,Packet Loss,Site_10,Major,27.8,125
2025-03-29 06:53:23.640060,High CPU,Site_12,Info,30.2,86
2025-03-29 07:33:36.394514,Temperature Alert,Site_18,Major,31.9,120
2025-03-29 13:58:47.642525,Authentication Failure,Site_11,Critical,22.2,29
2025-03-29 16:24:30.594392,Interface Flapping,Site_6,Warning,20.2,118
2025-03-29 19:23:53.607153,Interface Flapping,Site_6,Critical,18.2,46
2025-03-29 20:00:22.598396,Power Issue,Site_14,Info,32.9,139
2025-03-29 20:13:28.902229,Temperature Alert,Site_10,Critical,21.1,126
2025-03-30 00:06:09.613563,Interface Flapping,Site_10,Warning,26.9,136
2025-03-30 00:21:30.701381,Interface Flapping,Site_9,Info,30.5,78
2025-03-30 01:33:31.866179,Temperature Alert,Site_19,Critical,32.0,37
2025-03-30 01:37:08.065466,Interface Flapping,Site_2,Info,23.6,164
2025-03-30 07:18:34.101852,High CPU,Site_15,Minor,30.5,34
2025-03-30 07:39:46.828093,Authentication Failure,Site_9,Major,31.0,133
2025-03-30 08:27:40.624357,Link Down,Site_8,Info,34.8,170
2025-03-30 11:50:25.077246,Packet Loss,Site_8,Minor,34.5,123
2025-03-30 16:41:48.995405,Latency Spike,Site_5,Minor,30.3,85
2025-03-30 17:23:11.061348,Temperature Alert,Site_15,Major,24.9,93
2025-03-30 17:45:32.150830,Temperature Alert,Site_18,Major,39.1,8
2025-03-30 19:26:38.003298,High CPU,Site_9,Major,21.5,31
2025-03-30 22:06:06.205606,Packet Loss,Site_18,Warning,27.6,8
2025-03-31 00:58:01.542502,Latency Spike,Site_3,Warning,25.2,127
2025-03-31 06:26:22.356104,Link Down,Site_20,Major,18.9,32
2025-03-31 12:37:48.551622,Memory Overflow,Site_15,Info,37.9,51
2025-03-31 12:52:28.455935,Packet Loss,Site_12,Major,19.5,164
2025-03-31 12:53:34.343188,Temperature Alert,Site_19,Critical,20.2,124
2025-03-31 13:13:45.265372,Latency Spike,Site_9,Minor,32.4,36
2025-03-31 13:20:33.208324,Memory Overflow,Site_1,Minor,21.4,163
2025-03-31 14:08:34.173332,Temperature Alert,Site_18,Major,24.1,126
2025-03-31 14:25:56.838040,Temperature Alert,Site_20,Info,25.6,26
2025-03-31 14:31:58.806331,Power Issue,Site_13,Warning,25.6,167
2025-03-31 15:12:14.777434,Authentication Failure,Site_18,Major,23.3,40
2025-03-31 16:28:15.693948,Power Issue,Site_2,Critical,31.1,3
2025-03-31 23:22:00.477537,Authentication Failure,Site_8,Minor,28.6,3
2025-03-31 23:42:01.226929,Temperature Alert,Site_10,Major,34.9,72
2025-04-01 05:24:53.574648,Latency Spike,Site_11,Warning,25.3,104
2025-04-01 06:49:44.360418,Power Issue,Site_14,Warning,22.7,30
2025-04-01 08:36:42.448517,Config Change,Site_16,Info,26.7,37
2025-04-01 08:55:49.990245,High CPU,Site_10,Minor,28.4,76
2025-04-01 11:11:24.608505,Authentication Failure,Site_17,Major,22.0,139
2025-04-01 14:06:23.156749,Link Down,Site_4,Info,30.8,6
2025-04-01 18:39:58.881588,Temperature Alert,Site_15,Major,23.7,115
2025-04-02 08:52:59.596981,Latency Spike,Site_11,Critical,27.8,152
2025-04-02 10:31:58.966681,Memory Overflow,Site_10,Minor,18.6,71
2025-04-02 11:38:12.974030,Link Down,Site_15,Critical,27.2,109
2025-04-02 12:01:43.040375,Packet Loss,Site_15,Critical,30.7,172
2025-04-02 12:15:01.203756,Authentication Failure,Site_9,Minor,28.9,118
2025-04-02 14:38:22.903494,Latency Spike,Site_4,Warning,31.4,8
2025-04-02 19:35:15.990921,High CPU,Site_15,Minor,37.9,92
2025-04-02 20:43:16.280867,Memory Overflow,Site_15,Info,18.8,24
2025-04-02 22:47:52.158492,Latency Spike,Site_8,Warning,23.9,10
2025-04-03 01:45:37.493574,Authentication Failure,Site_5,Critical,32.7,167
2025-04-03 03:12:46.935230,Memory Overflow,Site_18,Major,27.2,73
2025-04-03 04:27:29.056713,Config Change,Site_6,Info,22.1,55
2025-04-03 10:29:41.333227,Interface Flapping,Site_7,Warning,23.8,144
2025-04-03 12:13:00.946128,Authentication Failure,Site_12,Major,28.0,104
2025-04-03 12:32:29.466569,Config Change,Site_1,Minor,31.3,49
2025-04-03 15:21:23.420642,High CPU,Site_3,Major,30.8,179
2025-04-03 22:15:27.665510,Temperature Alert,Site_19,Warning,33.1,101
2025-04-04 03:49:03.284131,Power Issue,Site_16,Critical,28.9,141
2025-04-04 07:10:33.908743,Temperature Alert,Site_20,Warning,30.1,58
2025-04-04 09:33:25.010413,Memory Overflow,Site_4,Info,32.4,102
2025-04-04 11:34:19.628136,High CPU,Site_11,Warning,19.3,113
2025-04-04 16:45:12.238692,Power Issue,Site_12,Critical,31.2,84
2025-04-04 20:57:42.483365,High CPU,Site_15,Info,26.4,174
2025-04-04 21:03:12.231870,Memory Overflow,Site_17,Minor,20.2,83
2025-04-04 22:18:25.156167,Power Issue,Site_20,Warning,32.3,75
2025-04-05 03:34:14.257834,Authentication Failure,Site_7,Minor,35.0,116
2025-04-05 04:07:37.208642,Latency Spike,Site_14,Warning,22.3,160
2025-04-05 12:22:45.483769,Latency Spike,Site_14,Warning,30.9,56
2025-04-05 13:47:58.148114,Authentication Failure,Site_8,Major,34.6,51
2025-04-05 17:56:40.847991,Power Issue,Site_11,Critical,30.4,107
2025-04-05 17:57:46.081658,Link Down,Site_12,Info,23.7,60
2025-04-05 20:59:51.432758,Packet Loss,Site_17,Warning,26.3,43
2025-04-06 00:08:05.527461,Memory Overflow,Site_14,Major,28.8,120
2025-04-06 00:36:21.516796,Power Issue,Site_20,Warning,18.6,150
2025-04-06 02:13:14.972580,Config Change,Site_17,Critical,26.0,112
2025-04-06 02:40:24.585185,High CPU,Site_2,Major,28.3,165
2025-04-06 04:11:46.252694,Link Down,Site_20,Major,23.8,170
2025-04-06 04:21:45.167291,Packet Loss,Site_20,Info,31.8,32
2025-04-06 05:04:02.012917,Latency Spike,Site_20,Info,31.3,58
2025-04-06 10:01:07.780862,Config Change,Site_13,Minor,19.6,6
2025-04-06 11:15:45.542742,Power Issue,Site_13,Minor,26.2,116
2025-04-06 12:08:47.165234,Latency Spike,Site_18,Critical,27.8,27
2025-04-06 12:26:02.775986,Power Issue,Site_12,Minor,29.6,7
2025-04-06 13:00:46.107662,Link Down,Site_14,Info,22.0,41
2025-04-06 15:24:16.624441,Packet Loss,Site_14,Critical,21.2,122
2025-04-06 23:03:34.890259,Latency Spike,Site_20,Critical,19.3,76
2025-04-07 01:04:20.398129,High CPU,Site_15,Critical,29.3,66
2025-04-07 08:10:15.460710,Memory Overflow,Site_19,Critical,29.3,113
2025-04-07 11:51:41.844141,Config Change,Site_5,Critical,29.7,119
2025-04-07 13:10:12.268088,Link Down,Site_6,Warning,31.9,149
2025-04-07 13:21:53.160239,Latency Spike,Site_18,Minor,32.7,7
2025-04-07 13:54:45.674304,Link Down,Site_17,Major,34.8,63
2025-04-07 14:08:36.372783,Temperature Alert,Site_15,Major,25.3,14
2025-04-07 15:06:31.045508,Config Change,Site_18,Warning,23.4,82
2025-04-07 17:13:10.795151,Temperature Alert,Site_4,Major,35.3,102
2025-04-07 18:38:24.236285,Authentication Failure,Site_7,Info,30.4,43
2025-04-08 02:11:34.979295,Temperature Alert,Site_7,Major,33.1,152
2025-04-08 03:15:56.402809,Temperature Alert,Site_2,Major,31.5,159
2025-04-08 04:35:19.727900,Power Issue,Site_15,Warning,36.4,53
2025-04-08 05:26:10.882202,Latency Spike,Site_3,Minor,22.6,129
2025-04-08 07:49:26.771177,Power Issue,Site_15,Minor,31.0,60
2025-04-08 09:12:33.954066,Power Issue,Site_4,Warning,26.1,64
2025-04-08 12:13:11.718778,High CPU,Site_9,Info,18.5,12
2025-04-08 15:14:32.530855,Link Down,Site_1,Info,34.6,76
2025-04-08 16:05:19.127705,Memory Overflow,Site_1,Warning,27.5,7
2025-04-08 18:16:26.196664,Config Change,Site_18,Info,32.4,140
2025-04-08 21:31:31.046758,High CPU,Site_3,Warning,31.8,163
2025-04-08 23:19:27.294522,Packet Loss,Site_15,Warning,28.9,151
2025-04-09 01:29:28.260246,Packet Loss,Site_2,Major,33.0,103
2025-04-09 02:06:25.053775,Latency Spike,Site_18,Warning,29.9,123
2025-04-09 03:35:03.050020,Latency Spike,Site_16,Major,28.2,5
2025-04-09 08:52:46.553116,Packet Loss,Site_8,Warning,22.5,112
2025-04-09 14:01:46.926036,Memory Overflow,Site_6,Minor,24.0,5
2025-04-09 16:38:19.745885,Link Down,Site_3,Warning,27.4,28
2025-04-09 23:23:07.701543,Interface Flapping,Site_20,Info,24.1,50
2025-04-10 00:44:06.411870,Interface Flapping,Site_1,Critical,24.4,71
2025-04-10 01:18:15.037984,Power Issue,Site_6,Minor,24.2,154
2025-04-10 03:43:53.537498,Power Issue,Site_10,Minor,25.0,143
2025-04-10 04:08:51.402222,Latency Spike,Site_2,Critical,19.7,28
2025-04-10 07:22:36.818466,Config Change,Site_20,Minor,28.2,24
2025-04-10 13:04:33.259834,Packet Loss,Site_11,Warning,24.3,98
2025-04-10 15:04:44.539007,High CPU,Site_13,Minor,29.7,23
2025-04-10 15:12:48.657356,Memory Overflow,Site_3,Major,27.8,2
2025-04-10 16:30:26.315613,Temperature Alert,Site_8,Critical,34.5,46
2025-04-10 17:34:19.518400,Interface Flapping,Site_5,Major,20.4,99
2025-04-10 20:36:48.781894,Power Issue,Site_13,Minor,27.1,91
2025-04-10 22:56:48.879185,Temperature Alert,Site_1,Major,32.2,51
2025-04-11 04:16:51.109989,Packet Loss,Site_1,Minor,24.3,116
2025-04-11 13:46:33.112903,Power Issue,Site_11,Info,24.6,149
2025-04-11 14:22:29.249945,Link Down,Site_20,Critical,21.5,51
2025-04-11 14:46:18.498320,Link Down,Site_20,Minor,33.5,106
2025-04-11 15:59:46.975387,Authentication Failure,Site_12,Minor,28.3,67
2025-04-11 18:27:46.856356,Interface Flapping,Site_12,Major,27.6,1
2025-04-11 18:35:19.363811,Temperature Alert,Site_18,Major,35.4,9
2025-04-11 18:45:55.860716,Interface Flapping,Site_8,Minor,18.4,83
2025-04-11 20:48:35.622454,Interface Flapping,Site_16,Minor,18.8,168
2025-04-11 22:18:54.672270,Link Down,Site_19,Major,19.8,37
2025-04-12 00:26:39.468813,Memory Overflow,Site_3,Warning,19.5,27
2025-04-12 05:13:59.393572,Packet Loss,Site_6,Warning,32.5,96
2025-04-12 08:06:07.776362,Power Issue,Site_17,Minor,26.2,45
2025-04-12 11:57:02.872506,High CPU,Site_18,Minor,23.6,160
2025-04-12 16:05:39.380332,Memory Overflow,Site_18,Critical,24.6,30
2025-04-12 21:22:05.400240,Config Change,Site_6,Info,27.9,38
2025-04-12 22:39:57.829814,Packet Loss,Site_18,Major,37.1,34
2025-04-13 00:10:17.228785,Latency Spike,Site_10,Info,20.0,78
2025-04-13 00:38:34.871627,Packet Loss,Site_5,Info,21.8,162
2025-04-13 03:23:05.866835,Temperature Alert,Site_17,Critical,18.6,85
2025-04-13 11:33:33.370828,Latency Spike,Site_8,Critical,20.5,171
2025-04-13 15:28:26.794904,Power Issue,Site_17,Critical,32.2,66
2025-04-13 17:28:52.019973,Packet Loss,Site_18,Info,29.1,113
2025-04-13 22:23:38.100273,Link Down,Site_14,Warning,19.6,173
2025-04-13 22:33:53.482595,Packet Loss,Site_14,Warning,30.4,42
2025-04-13 22:39:45.160550,Temperature Alert,Site_4,Major,39.2,42
2025-04-14 01:34:06.653997,Temperature Alert,Site_18,Major,39.5,89
2025-04-14 03:25:25.938097,Interface Flapping,Site_18,Major,24.7,30
2025-04-14 08:06:03.450573,Packet Loss,Site_12,Minor,25.2,78
2025-04-14 10:43:44.938155,Latency Spike,Site_19,Minor,23.4,117
2025-04-14 14:50:14.930983,Temperature Alert,Site_15,Major,37.7,11
2025-04-14 16:16:23.884852,Power Issue,Site_8,Warning,24.6,18
2025-04-14 17:29:02.209456,Packet Loss,Site_13,Critical,27.2,150
2025-04-14 21:38:38.671714,Interface Flapping,Site_6,Minor,24.4,43
2025-04-14 22:45:17.224654,Interface Flapping,Site_7,Warning,20.5,111
2025-04-14 23:06:18.168466,Power Issue,Site_9,Critical,29.5,124
2025-04-14 23:49:11.205863,Link Down,Site_5,Minor,20.7,70
2025-04-15 02:17:38.265915,Packet Loss,Site_5,Minor,33.2,149
2025-04-15 09:44:39.863560,Temperature Alert,Site_8,Major,31.7,70
2025-04-15 10:12:06.158950,Link Down,Site_12,Info,23.5,82
2025-04-15 12:20:35.454088,Latency Spike,Site_6,Major,19.8,14
2025-04-15 14:44:41.606584,Interface Flapping,Site_13,Critical,30.5,180
2025-04-15 15:11:06.452463,Config Change,Site_20,Major,19.3,180
2025-04-15 15:44:22.236476,Power Issue,Site_17,Critical,27.6,39
2025-04-15 15:52:53.384210,Latency Spike,Site_3,Major,30.6,177
2025-04-15 16:29:47.417368,Packet Loss,Site_13,Minor,22.8,89
2025-04-15 16:49:24.228585,Power Issue,Site_4,Critical,37.1,113
2025-04-15 19:33:05.176575,Config Change,Site_7,Critical,18.1,131
2025-04-15 20:00:27.776572,Interface Flapping,Site_8,Major,34.0,148
2025-04-15 20:17:35.104880,High CPU,Site_5,Major,27.5,156
2025-04-15 20:51:59.067168,Interface Flapping,Site_12,Critical,24.3,36
2025-04-15 21:05:03.245287,High CPU,Site_7,Warning,31.2,87
2025-04-15 21:30:47.674659,Interface Flapping,Site_19,Info,22.0,5
2025-04-16 00:23:36.314438,Temperature Alert,Site_5,Minor,32.7,117
2025-04-16 02:14:52.971796,Latency Spike,Site_19,Info,34.3,24
2025-04-16 04:11:21.864702,Interface Flapping,Site_8,Info,29.0,138
2025-04-16 10:50:40.242572,Link Down,Site_6,Critical,23.5,93
2025-04-16 11:39:54.227637,High CPU,Site_5,Major,27.4,25
2025-04-16 14:01:30.235273,Interface Flapping,Site_8,Major,27.2,15
2025-04-16 14:25:29.620348,Link Down,Site_13,Critical,23.5,48
2025-04-16 15:15:01.288304,Config Change,Site_8,Critical,32.3,117
2025-04-16 23:59:33.996708,Memory Overflow,Site_13,Info,29.2,30
2025-04-17 01:41:49.780976,Authentication Failure,Site_18,Minor,28.1,27
2025-04-17 02:07:52.034076,Packet Loss,Site_5,Warning,33.6,173
2025-04-17 02:54:51.046385,Temperature Alert,Site_19,Major,24.4,168
2025-04-17 03:27:36.627757,Memory Overflow,Site_17,Info,27.0,123
2025-04-17 07:39:12.443936,Authentication Failure,Site_13,Warning,22.3,166
2025-04-17 14:26:14.892640,High CPU,Site_3,Critical,31.4,21
2025-04-17 15:02:22.786421,Memory Overflow,Site_3,Info,19.9,5
2025-04-17 15:35:36.048104,High CPU,Site_20,Minor,24.2,96
2025-04-17 16:26:07.270703,Authentication Failure,Site_13,Info,29.6,61
2025-04-17 18:34:05.913093,Packet Loss,Site_1,Warning,19.5,65
2025-04-17 19:03:54.880028,Temperature Alert,Site_18,Major,30.4,64
2025-04-17 19:22:26.105166,Packet Loss,Site_15,Critical,24.3,75
2025-04-17 19:29:43.026251,Config Change,Site_15,Minor,30.4,38
2025-04-17 21:58:23.561073,Interface Flapping,Site_17,Minor,33.8,26
2025-04-18 00:00:03.996573,Power Issue,Site_8,Warning,23.6,159
2025-04-18 02:45:40.282540,Latency Spike,Site_16,Major,26.0,96
2025-04-18 05:03:44.151741,Latency Spike,Site_8,Info,30.7,3
2025-04-18 08:36:45.036970,Temperature Alert,Site_3,Major,18.2,6
2025-04-18 09:04:54.369187,Authentication Failure,Site_18,Warning,24.8,101
2025-04-18 09:55:37.785398,Authentication Failure,Site_2,Critical,28.7,49
2025-04-18 11:47:35.901442,Memory Overflow,Site_9,Warning,32.3,22
2025-04-18 12:05:10.118914,Packet Loss,Site_16,Info,24.8,69
2025-04-18 13:08:48.629925,Link Down,Site_20,Major,18.6,131
2025-04-18 14:51:28.405033,Interface Flapping,Site_14,Warning,27.8,13
2025-04-18 19:04:25.409127,Packet Loss,Site_5,Major,29.0,143
2025-04-19 00:35:42.272110,Latency Spike,Site_15,Critical,26.0,120
2025-04-19 01:39:48.429346,Power Issue,Site_11,Warning,28.1,114
2025-04-19 05:17:28.362118,Interface Flapping,Site_3,Major,24.1,136
2025-04-19 07:36:48.988209,Latency Spike,Site_15,Info,34.8,73
2025-04-19 13:06:10.270273,Memory Overflow,Site_6,Major,21.8,153
2025-04-19 14:57:35.607787,Memory Overflow,Site_15,Minor,29.7,66
2025-04-19 17:33:14.453255,Temperature Alert,Site_14,Critical,19.2,106
2025-04-19 22:16:17.482760,Packet Loss,Site_1,Critical,26.0,77
2025-04-19 22:31:05.514633,Authentication Failure,Site_12,Warning,25.0,96
2025-04-19 22:36:36.827806,Packet Loss,Site_13,Warning,22.9,83
2025-04-20 01:08:52.180396,Temperature Alert,Site_18,Major,32.7,91
2025-04-20 02:48:44.630667,Config Change,Site_7,Info,27.8,172
2025-04-20 03:14:09.434481,Interface Flapping,Site_7,Info,34.3,150
2025-04-20 03:33:05.851603,Packet Loss,Site_6,Major,21.5,39
2025-04-20 04:10:04.139025,Authentication Failure,Site_16,Minor,31.7,51
2025-04-20 04:46:40.339950,High CPU,Site_2,Minor,32.1,83
2025-04-20 06:18:57.247072,Memory Overflow,Site_2,Critical,33.3,97
2025-04-20 06:55:42.488336,Packet Loss,Site_12,Minor,20.3,22
2025-04-20 07:03:15.354558,Packet Loss,Site_12,Minor,21.0,133
2025-04-20 08:56:14.436233,Latency Spike,Site_13,Critical,30.8,110
2025-04-20 09:05:28.680928,Link Down,Site_11,Critical,27.6,47
2025-04-20 11:00:02.352603,High CPU,Site_1,Critical,30.1,150
2025-04-20 12:59:03.421769,Config Change,Site_13,Info,21.6,29
2025-04-20 13:32:18.683865,Latency Spike,Site_7,Warning,27.1,132
2025-04-20 14:10:55.753836,Memory Overflow,Site_9,Major,21.9,70
2025-04-20 16:09:23.548323,Temperature Alert,Site_4,Major,38.4,31
2025-04-20 20:06:42.723770,Authentication Failure,Site_1,Minor,30.7,30
2025-04-21 01:23:22.953757,Memory Overflow,Site_20,Major,27.6,90
2025-04-21 02:47:55.696936,Link Down,Site_19,Critical,28.5,106
2025-04-21 07:43:37.736376,Power Issue,Site_20,Warning,19.0,54
2025-04-21 07:58:43.632952,Memory Overflow,Site_1,Minor,22.8,76
2025-04-21 08:42:58.530264,Power Issue,Site_14,Major,25.5,130
2025-04-21 09:45:33.353394,Link Down,Site_5,Critical,19.4,94
2025-04-21 10:17:26.767143,Memory Overflow,Site_17,Major,33.0,108
2025-04-21 18:36:25.526777,Power Issue,Site_16,Warning,26.2,89
2025-04-21 22:26:47.538830,Config Change,Site_19,Warning,21.1,23
2025-04-22 00:40:58.476659,Interface Flapping,Site_1,Warning,21.6,130
2025-04-22 01:06:05.263117,Link Down,Site_10,Info,21.3,81
2025-04-22 03:57:46.850060,Temperature Alert,Site_10,Critical,24.4,99
2025-04-22 05:26:02.911956,Authentication Failure,Site_20,Info,21.6,125
2025-04-22 05:43:49.701509,Packet Loss,Site_4,Info,29.4,105
2025-04-22 09:25:43.680975,Packet Loss,Site_10,Info,33.3,79
2025-04-22 09:50:35.797611,Temperature Alert,Site_12,Critical,26.9,141
2025-04-22 13:11:07.333190,Latency Spike,Site_12,Info,25.4,114
2025-04-22 15:29:18.142105,Memory Overflow,Site_11,Major,31.5,14
2025-04-22 18:16:14.602236,Memory Overflow,Site_16,Critical,28.8,25
2025-04-22 21:19:55.460178,Link Down,Site_8,Minor,28.6,27
2025-04-23 00:33:15.534780,Config Change,Site_19,Minor,27.5,63
2025-04-23 01:25:05.191783,Latency Spike,Site_1,Warning,21.7,20
2025-04-23 02:07:39.400146,Interface Flapping,Site_15,Critical,36.6,176
2025-04-23 03:47:01.466753,Memory Overflow,Site_9,Warning,32.1,129
2025-04-23 03:55:47.244922,Link Down,Site_20,Warning,28.5,180
2025-04-23 04:27:30.205958,Temperature Alert,Site_13,Info,30.5,172
2025-04-23 06:10:49.460491,Packet Loss,Site_1,Critical,26.0,175
2025-04-23 06:30:26.624474,Packet Loss,Site_14,Major,28.3,43
2025-04-23 10:16:34.103194,Link Down,Site_8,Info,35.0,91
2025-04-23 11:05:08.429820,Memory Overflow,Site_12,Warning,24.9,108
2025-04-23 14:00:20.296805,Interface Flapping,Site_1,Warning,22.5,150
2025-04-24 15:27:49.520525,Config Change,Site_4,Major,23.3,54
2025-04-24 17:01:36.006744,Config Change,Site_20,Minor,30.7,146
2025-04-24 17:45:18.995187,Latency Spike,Site_16,Warning,18.3,158
2025-04-24 18:12:26.550671,High CPU,Site_1,Minor,32.3,156
2025-04-24 19:01:35.127254,Authentication Failure,Site_6,Critical,29.7,19
2025-04-24 19:22:14.696810,Memory Overflow,Site_9,Major,30.9,105
2025-04-24 21:25:43.736413,Config Change,Site_2,Info,25.0,177
2025-04-24 21:42:06.425808,Config Change,Site_13,Info,26.8,33
2025-04-24 22:03:14.117250,Latency Spike,Site_18,Warning,34.2,9
2025-04-24 22:50:13.725502,Authentication Failure,Site_19,Info,28.6,58
2025-04-25 01:23:58.256482,High CPU,Site_9,Minor,30.3,85
2025-04-25 01:48:33.198967,Authentication Failure,Site_18,Minor,28.2,170
2025-04-25 03:13:42.511033,Link Down,Site_7,Minor,19.5,117
2025-04-25 09:52:34.864076,Packet Loss,Site_7,Minor,24.6,173
2025-04-25 10:29:29.369525,High CPU,Site_12,Critical,19.7,46
2025-04-25 10:58:26.720531,Memory Overflow,Site_12,Critical,20.9,60
2025-04-25 13:07:24.380813,High CPU,Site_18,Minor,36.7,140
2025-04-25 13:34:12.756244,Authentication Failure,Site_7,Minor,25.6,97
2025-04-25 15:11:29.472298,Temperature Alert,Site_2,Minor,20.0,13
2025-04-25 16:24:28.326230,Power Issue,Site_8,Minor,34.0,169
2025-04-25 19:31:02.886549,Authentication Failure,Site_14,Minor,23.0,22
2025-04-25 21:59:52.878542,High CPU,Site_9,Info,22.2,176
2025-04-25 22:07:57.362218,Config Change,Site_5,Major,18.4,16
2025-04-25 22:08:51.485277,Temperature Alert,Site_15,Major,36.7,57
2025-04-26 00:53:27.586142,Temperature Alert,Site_3,Warning,18.4,32
2025-04-26 01:04:05.052405,Config Change,Site_10,Major,34.5,117
2025-04-26 01:25:26.261249,Interface Flapping,Site_9,Info,26.2,46
2025-04-26 03:20:46.726207,High CPU,Site_9,Critical,33.7,127
2025-04-26 04:30:31.532070,Interface Flapping,Site_12,Minor,30.6,102
2025-04-26 05:39:24.365142,Memory Overflow,Site_20,Critical,22.9,27
2025-04-26 11:08:46.443499,Authentication Failure,Site_14,Info,30.7,56
2025-04-26 13:32:16.205548,Link Down,Site_20,Major,31.4,29
2025-04-26 17:55:40.257744,High CPU,Site_3,Warning,30.7,84
2025-04-26 20:29:27.095281,Link Down,Site_2,Warning,29.5,73
2025-04-26 20:48:07.365280,Interface Flapping,Site_11,Major,33.1,20
2025-04-26 22:24:02.291886,Config Change,Site_20,Warning,34.9,28
2025-04-27 02:45:08.643985,Temperature Alert,Site_10,Info,30.2,158
2025-04-27 02:46:57.755669,Power Issue,Site_1,Major,19.1,143
2025-04-27 06:21:06.932838,Latency Spike,Site_5,Minor,29.7,66
2025-04-27 08:13:26.841439,Temperature Alert,Site_18,Major,29.8,61
2025-04-27 11:41:14.173114,Interface Flapping,Site_6,Minor,18.6,49
2025-04-27 13:05:47.029121,Temperature Alert,Site_15,Major,34.2,46
2025-04-27 18:00:52.550422,Config Change,Site_1,Minor,25.1,25
2025-04-28 02:07:20.585954,Authentication Failure,Site_9,Warning,33.1,73
2025-04-28 02:19:42.274928,High CPU,Site_6,Info,25.9,126
2025-04-28 06:56:04.991735,Packet Loss,Site_9,Warning,18.8,143
2025-04-28 15:51:34.876467,Latency Spike,Site_1,Critical,33.9,66
2025-04-29 00:38:12.960579,Link Down,Site_19,Critical,19.4,81
2025-04-29 01:23:50.754669,Interface Flapping,Site_2,Warning,18.7,34
2025-04-29 11:48:01.562723,Interface Flapping,Site_17,Minor,23.1,48
2025-04-29 16:38:46.768039,Authentication Failure,Site_2,Info,23.5,108
2025-04-29 16:41:20.736351,Temperature Alert,Site_4,Major,32.1,87
2025-04-29 17:00:16.614230,Interface Flapping,Site_20,Critical,33.1,12
2025-04-29 17:33:44.590088,High CPU,Site_13,Info,25.1,4
2025-04-29 17:52:01.741172,Memory Overflow,Site_13,Major,31.8,124
2025-04-29 17:53:28.309062,Temperature Alert,Site_15,Minor,34.7,29
2025-04-29 20:05:32.482152,Power Issue,Site_5,Critical,32.5,170
2025-04-30 00:13:12.741188,Memory Overflow,Site_2,Major,24.3,168
2025-04-30 01:32:22.947346,Power Issue,Site_8,Major,19.8,122
2025-04-30 06:00:06.896145,Temperature Alert,Site_10,Warning,18.3,12
2025-04-30 07:24:47.489800,Temperature Alert,Site_10,Critical,26.0,168
2025-04-30 09:32:20.014472,Link Down,Site_8,Major,21.3,14
2025-04-30 11:52:26.339585,Latency Spike,Site_4,Minor,32.1,147
2025-04-30 13:36:28.502155,Temperature Alert,Site_16,Critical,27.1,58
2025-04-30 14:42:40.045389,Config Change,Site_19,Major,29.2,172
2025-04-30 17:44:30.248921,High CPU,Site_1,Minor,30.8,149
2025-04-30 18:06:52.066203,Authentication Failure,Site_4,Warning,33.6,112
2025-04-30 18:31:08.852587,Interface Flapping,Site_7,Info,23.0,46
2025-04-30 22:40:57.630139,High CPU,Site_10,Warning,33.7,67
2025-05-01 06:02:35.827605,Memory Overflow,Site_20,Minor,26.7,17
2025-05-01 08:19:08.948521,Packet Loss,Site_11,Info,32.3,142
2025-05-01 09:24:41.924853,Packet Loss,Site_10,Major,25.9,132
2025-05-01 10:06:48.352909,Config Change,Site_17,Minor,32.6,178
2025-05-01 13:44:15.905040,Interface Flapping,Site_11,Minor,26.4,78
2025-05-01 14:01:44.359632,Temperature Alert,Site_14,Critical,34.2,180
2025-05-01 17:58:04.132342,High CPU,Site_13,Major,29.0,32
2025-05-01 18:57:55.490364,Config Change,Site_3,Minor,23.8,155
2025-05-01 21:00:44.758509,Memory Overflow,Site_10,Critical,30.5,18
2025-05-01 22:55:15.123167,Interface Flapping,Site_12,Minor,24.2,25
2025-05-02 00:32:16.933847,Temperature Alert,Site_15,Major,34.8,5
2025-05-02 04:33:14.372958,Authentication Failure,Site_13,Critical,28.5,124
2025-05-02 08:11:53.859766,Packet Loss,Site_7,Info,31.7,35
2025-05-02 09:20:35.909017,Config Change,Site_20,Critical,24.3,68
2025-05-02 09:41:35.688787,Config Change,Site_16,Minor,22.6,176
2025-05-02 10:44:30.960537,Interface Flapping,Site_14,Critical,18.1,142
2025-05-02 12:29:34.391053,Interface Flapping,Site_20,Major,27.2,96
2025-05-02 14:19:01.218352,Memory Overflow,Site_15,Warning,28.1,94
2025-05-02 21:42:30.096780,Config Change,Site_15,Major,31.7,139
2025-05-03 01:24:35.046607,Interface Flapping,Site_1,Info,33.0,39
2025-05-03 02:49:09.607331,Config Change,Site_6,Major,23.6,88
2025-05-03 03:52:17.376771,Latency Spike,Site_13,Critical,31.3,169
2025-05-03 06:08:26.910539,Authentication Failure,Site_15,Minor,34.0,170
2025-05-03 06:20:39.268091,Link Down,Site_18,Info,28.9,29
2025-05-03 10:42:48.680829,Authentication Failure,Site_20,Critical,24.3,63
2025-05-03 15:14:25.366239,High CPU,Site_11,Info,32.9,31
2025-05-03 15:49:32.225215,Packet Loss,Site_16,Minor,26.3,10
2025-05-03 16:35:46.527482,Memory Overflow,Site_8,Major,20.9,54
2025-05-03 18:53:01.573621,Temperature Alert,Site_15,Major,30.8,133
2025-05-03 19:59:01.886044,Config Change,Site_12,Info,22.7,120
2025-05-03 20:10:45.946440,Config Change,Site_20,Major,33.5,104
2025-05-03 20:48:28.191912,Authentication Failure,Site_18,Info,38.2,167
2025-05-03 21:34:38.386232,Latency Spike,Site_17,Warning,26.8,49
2025-05-03 23:35:35.478817,Packet Loss,Site_14,Critical,33.0,160
2025-05-03 23:44:50.691382,Latency Spike,Site_13,Minor,20.1,97
2025-05-04 00:28:15.073612,Link Down,Site_5,Info,25.3,35
2025-05-04 02:00:25.300825,Packet Loss,Site_9,Minor,27.9,11
2025-05-04 03:13:11.117432,Config Change,Site_15,Minor,33.7,132
2025-05-04 03:46:52.540453,High CPU,Site_15,Minor,28.0,164
2025-05-04 04:04:52.009041,Interface Flapping,Site_19,Major,33.8,65
2025-05-04 04:55:37.545606,Temperature Alert,Site_15,Major,35.9,82
2025-05-04 06:32:08.667967,Memory Overflow,Site_15,Major,25.2,54
2025-05-04 09:41:54.170643,Temperature Alert,Site_15,Major,29.1,119
2025-05-04 10:27:03.604936,Latency Spike,Site_14,Minor,27.0,178
2025-05-04 12:33:11.934735,Config Change,Site_3,Major,23.5,126
2025-05-04 13:52:03.803717,Memory Overflow,Site_9,Warning,32.7,161
2025-05-04 14:51:02.955720,Temperature Alert,Site_2,Warning,19.9,149
2025-05-04 16:18:20.511399,Interface Flapping,Site_15,Minor,29.6,108
2025-05-04 17:52:45.974732,Authentication Failure,Site_9,Warning,27.1,106
2025-05-04 19:02:11.261761,Config Change,Site_6,Major,20.0,60
2025-05-04 20:56:53.674009,Link Down,Site_5,Minor,27.7,116
2025-05-04 21:40:43.614073,Link Down,Site_3,Warning,25.9,123
2025-05-04 21:52:03.788699,Packet Loss,Site_16,Major,20.5,138
2025-05-04 23:12:35.925288,High CPU,Site_2,Info,34.6,86
2025-05-05 03:52:14.496744,Memory Overflow,Site_2,Info,31.4,114
2025-05-05 04:18:02.936263,Temperature Alert,Site_4,Major,38.3,134
2025-05-05 07:22:39.869704,Interface Flapping,Site_7,Warning,22.5,85
2025-05-05 11:26:02.243550,Authentication Failure,Site_16,Minor,20.2,37
2025-05-05 11:26:34.770821,Interface Flapping,Site_10,Info,34.9,37
2025-05-05 14:09:59.277541,Packet Loss,Site_12,Major,20.7,124
2025-05-05 14:55:26.101415,Latency Spike,Site_6,Major,27.3,152
2025-05-05 15:26:29.160945,Temperature Alert,Site_4,Major,29.9,153
2025-05-05 16:00:09.937454,Packet Loss,Site_8,Critical,21.1,8
2025-05-05 17:30:58.199465,Power Issue,Site_12,Minor,22.4,141
2025-05-05 18:52:23.527601,Interface Flapping,Site_12,Major,29.5,96
2025-05-05 21:29:41.897664,Temperature Alert,Site_13,Warning,23.5,137
2025-05-05 22:34:28.976102,Temperature Alert,Site_18,Major,31.7,117
2025-05-06 00:36:45.261602,Temperature Alert,Site_7,Critical,23.7,78
2025-05-06 02:33:48.847505,Link Down,Site_8,Minor,34.0,2
2025-05-06 08:41:36.428176,Packet Loss,Site_8,Major,24.3,17
2025-05-06 09:49:57.802507,Authentication Failure,Site_3,Info,18.4,35
2025-05-06 15:12:33.589337,Link Down,Site_10,Major,28.5,20
2025-05-06 15:21:27.833234,High CPU,Site_20,Warning,34.0,56
2025-05-06 15:29:32.890885,Config Change,Site_2,Warning,34.2,154
2025-05-06 15:59:57.009352,Latency Spike,Site_2,Major,28.9,147
2025-05-06 17:19:52.160925,Authentication Failure,Site_10,Major,32.7,84
2025-05-06 19:35:33.224374,High CPU,Site_10,Warning,24.9,173
2025-05-06 21:54:07.258567,Temperature Alert,Site_16,Critical,32.1,147
2025-05-06 22:56:31.216549,Temperature Alert,Site_1,Critical,23.6,17
2025-05-07 00:17:44.319293,Power Issue,Site_17,Minor,32.1,3
2025-05-07 01:56:45.236283,Link Down,Site_14,Major,30.4,68
2025-05-07 03:31:39.373836,Config Change,Site_2,Major,26.0,30
2025-05-07 07:39:36.877963,Latency Spike,Site_14,Warning,33.3,135
2025-05-07 08:59:15.947076,Latency Spike,Site_6,Major,29.1,72
2025-05-07 10:33:47.329764,High CPU,Site_7,Warning,27.6,2
2025-05-07 15:21:24.586228,Memory Overflow,Site_12,Warning,18.8,75
2025-05-07 15:56:07.346300,Authentication Failure,Site_7,Minor,33.9,58
2025-05-07 18:36:58.169444,Latency Spike,Site_3,Major,22.3,6
2025-05-07 18:53:23.898729,Latency Spike,Site_2,Major,34.7,157
2025-05-07 19:00:06.373991,Latency Spike,Site_11,Warning,23.4,12
2025-05-07 20:03:17.216185,Link Down,Site_7,Info,33.6,124
2025-05-07 21:00:59.098554,Packet Loss,Site_19,Critical,28.2,79
2025-05-08 04:02:36.306628,Latency Spike,Site_14,Critical,18.8,149
2025-05-08 08:01:21.998782,Interface Flapping,Site_13,Warning,21.8,90
2025-05-08 09:20:13.772277,Interface Flapping,Site_13,Critical,30.1,168
2025-05-08 10:05:09.663322,Latency Spike,Site_19,Info,19.2,121
2025-05-08 11:10:34.985413,Latency Spike,Site_2,Warning,33.6,42
2025-05-08 21:28:16.902244,Config Change,Site_1,Major,27.1,16
2025-05-08 22:17:39.047865,High CPU,Site_18,Info,37.6,8
2025-05-08 23:40:37.266327,High CPU,Site_3,Info,28.5,142
2025-05-09 02:34:11.805684,Temperature Alert,Site_15,Major,28.0,25
2025-05-09 03:45:25.257293,Link Down,Site_15,Major,36.8,158
2025-05-09 03:51:33.795438,Packet Loss,Site_15,Minor,34.5,154
2025-05-09 12:25:06.129440,Latency Spike,Site_1,Major,33.8,171
2025-05-09 18:09:35.265089,Temperature Alert,Site_17,Critical,19.7,25
2025-05-09 20:15:58.123726,High CPU,Site_14,Info,24.9,93
2025-05-09 20:24:58.261917,Memory Overflow,Site_14,Info,26.4,7
2025-05-09 22:44:11.643375,Latency Spike,Site_19,Minor,31.6,54
2025-05-10 06:41:57.897585,Interface Flapping,Site_18,Info,38.2,18
2025-05-10 10:32:42.440081,Latency Spike,Site_8,Minor,19.0,171
2025-05-10 13:02:48.984180,Memory Overflow,Site_14,Warning,29.1,159
2025-05-10 16:10:58.076739,Temperature Alert,Site_17,Warning,29.6,106
2025-05-10 17:23:17.241165,Power Issue,Site_19,Warning,31.6,15
2025-05-10 19:31:03.903933,Latency Spike,Site_17,Info,21.3,109
2025-05-10 21:20:33.568606,Memory Overflow,Site_19,Warning,32.8,89
2025-05-10 21:31:19.391981,Temperature Alert,Site_15,Major,27.6,37
2025-05-10 23:16:39.722674,Latency Spike,Site_5,Major,27.0,84
2025-05-10 23:21:02.242326,Config Change,Site_10,Minor,25.6,118
2025-05-11 02:58:03.557389,Latency Spike,Site_20,Info,26.5,125
2025-05-11 05:18:49.553049,Link Down,Site_16,Minor,23.7,178
2025-05-11 07:11:06.644438,Packet Loss,Site_16,Major,33.4,77
2025-05-11 11:54:16.602428,Link Down,Site_16,Warning,30.7,74
2025-05-11 16:06:54.502917,Packet Loss,Site_16,Info,31.1,12
2025-05-12 08:10:44.003079,Memory Overflow,Site_10,Info,22.0,62
2025-05-12 11:41:48.330368,Config Change,Site_1,Warning,29.2,134
2025-05-12 20:51:09.645679,Latency Spike,Site_10,Info,31.2,8
2025-05-12 22:58:51.027166,Temperature Alert,Site_9,Minor,22.8,151
2025-05-13 00:49:22.385973,Config Change,Site_18,Major,34.0,16
2025-05-13 01:18:00.965687,High CPU,Site_17,Warning,22.3,46
2025-05-13 06:30:17.867493,Temperature Alert,Site_15,Major,39.4,72
2025-05-13 08:49:09.411879,Power Issue,Site_19,Info,27.9,173
2025-05-13 08:57:27.286052,High CPU,Site_11,Minor,27.2,161
2025-05-13 10:16:39.487953,Config Change,Site_11,Minor,21.3,92
2025-05-13 10:56:59.771510,Config Change,Site_4,Critical,39.6,95
2025-05-13 14:57:16.730488,Packet Loss,Site_17,Warning,23.6,18
2025-05-13 15:09:16.480518,Authentication Failure,Site_19,Critical,22.9,93
2025-05-13 15:18:56.782019,Authentication Failure,Site_7,Warning,18.1,17
2025-05-13 17:25:52.517244,Power Issue,Site_9,Minor,20.5,46
2025-05-13 19:21:03.812365,Temperature Alert,Site_12,Critical,27.9,173
2025-05-14 02:10:04.281030,Memory Overflow,Site_2,Major,27.1,175
2025-05-14 05:08:54.383665,Memory Overflow,Site_11,Info,25.9,98
2025-05-14 05:33:44.143721,Interface Flapping,Site_8,Warning,21.8,98
2025-05-14 05:47:30.596392,Temperature Alert,Site_14,Major,23.9,172
2025-05-14 11:31:47.551462,Packet Loss,Site_7,Info,34.8,3
2025-05-14 13:03:27.406612,High CPU,Site_15,Warning,37.2,135
2025-05-14 16:13:51.625612,Interface Flapping,Site_15,Warning,32.5,73
2025-05-14 19:13:27.765942,Interface Flapping,Site_10,Critical,21.9,122
2025-05-15 01:08:48.616255,High CPU,Site_14,Minor,27.7,17
2025-05-15 01:35:13.028165,Interface Flapping,Site_11,Minor,29.4,128
2025-05-15 02:21:22.055148,Packet Loss,Site_6,Info,29.8,149
2025-05-15 02:28:12.747408,Interface Flapping,Site_9,Major,29.7,41
2025-05-15 04:47:23.940247,Latency Spike,Site_5,Critical,18.8,95
2025-05-15 07:30:20.550182,Config Change,Site_6,Warning,26.2,109
2025-05-15 13:27:14.843726,Packet Loss,Site_10,Critical,28.4,150
2025-05-15 16:56:34.512653,Memory Overflow,Site_3,Info,32.0,17
2025-05-15 19:08:23.325493,Packet Loss,Site_19,Warning,27.2,180
2025-05-15 19:27:40.283997,Memory Overflow,Site_15,Warning,29.2,130
2025-05-15 20:08:04.834207,Link Down,Site_9,Critical,33.4,144
2025-05-16 02:11:28.125716,Memory Overflow,Site_8,Warning,34.0,178
2025-05-16 05:13:10.172873,Memory Overflow,Site_20,Info,31.2,87
2025-05-16 07:31:26.427840,Link Down,Site_20,Info,34.4,54
2025-05-16 15:55:54.778065,Memory Overflow,Site_8,Major,32.8,78
2025-05-16 19:24:18.899919,Link Down,Site_5,Info,33.4,76
2025-05-16 23:44:04.562231,Authentication Failure,Site_7,Info,27.8,99
2025-05-17 00:58:41.244212,Memory Overflow,Site_13,Minor,24.9,74
2025-05-17 01:35:00.199268,Config Change,Site_1,Minor,32.0,92
2025-05-17 03:44:26.002285,Memory Overflow,Site_16,Minor,35.0,6
2025-05-17 03:48:26.987582,Packet Loss,Site_8,Info,25.0,155
2025-05-17 05:16:22.517812,Interface Flapping,Site_12,Info,26.2,124
2025-05-17 08:29:43.566369,Link Down,Site_17,Minor,22.4,93
2025-05-17 09:18:51.436754,Power Issue,Site_8,Major,23.0,120
2025-05-17 09:57:37.104949,Authentication Failure,Site_15,Major,24.0,166
2025-05-17 10:46:06.712913,Link Down,Site_20,Warning,18.1,73
2025-05-17 11:02:59.429062,Memory Overflow,Site_14,Minor,22.8,148
2025-05-17 11:22:01.518518,Interface Flapping,Site_17,Critical,27.9,123
2025-05-17 14:14:43.483364,Memory Overflow,Site_2,Warning,23.5,15
2025-05-17 16:56:29.967590,Power Issue,Site_16,Minor,30.6,78
2025-05-17 17:02:01.704628,Authentication Failure,Site_11,Critical,21.3,90
2025-05-17 18:27:15.324448,Power Issue,Site_9,Major,22.5,143
2025-05-17 20:26:26.827320,Power Issue,Site_12,Critical,20.1,25
2025-05-18 01:00:13.028652,Packet Loss,Site_19,Warning,32.1,151
2025-05-18 01:22:08.290072,Packet Loss,Site_14,Info,33.2,144
2025-05-18 03:37:27.094033,High CPU,Site_20,Warning,20.3,20
2025-05-18 04:53:53.086400,Interface Flapping,Site_19,Minor,29.7,124
2025-05-18 05:11:02.777229,Packet Loss,Site_10,Major,32.9,164
2025-05-18 06:20:14.162121,Power Issue,Site_12,Major,23.8,56
2025-05-18 08:04:36.680972,Temperature Alert,Site_9,Info,23.6,38
2025-05-18 09:47:54.431897,Interface Flapping,Site_1,Major,34.3,175
2025-05-18 10:10:48.229833,Link Down,Site_9,Major,33.3,65
2025-05-18 11:45:09.563833,Packet Loss,Site_1,Major,34.4,130
2025-05-18 14:47:24.021040,Packet Loss,Site_13,Major,24.3,7
2025-05-18 14:59:27.830403,Authentication Failure,Site_9,Warning,23.9,99
2025-05-18 15:45:15.818197,Power Issue,Site_9,Minor,32.0,144
2025-05-18 16:37:59.730460,Temperature Alert,Site_14,Major,34.1,86
2025-05-18 16:46:01.009997,Link Down,Site_12,Critical,21.5,146
2025-05-18 17:38:11.923243,Interface Flapping,Site_10,Warning,32.7,5
2025-05-18 18:42:55.992926,Config Change,Site_7,Minor,27.8,129
2025-05-18 21:27:17.147569,High CPU,Site_4,Minor,32.9,154
2025-05-18 22:59:25.055611,Temperature Alert,Site_18,Major,24.7,69
2025-05-19 01:13:18.091133,Memory Overflow,Site_3,Major,25.8,173
2025-05-19 01:17:34.001308,Packet Loss,Site_3,Critical,21.8,77
2025-05-19 01:49:30.586847,Config Change,Site_10,Major,24.9,85
2025-05-19 04:14:21.017368,Packet Loss,Site_2,Minor,26.5,24
2025-05-19 05:12:48.470464,Link Down,Site_8,Info,26.3,109
2025-05-19 07:08:39.024420,Link Down,Site_17,Warning,25.7,22
2025-05-19 09:07:41.849925,Packet Loss,Site_17,Major,34.6,164
2025-05-19 10:18:36.404210,High CPU,Site_3,Info,24.2,18
2025-05-19 10:29:58.204809,Memory Overflow,Site_3,Minor,27.4,95
2025-05-19 11:37:03.040034,Interface Flapping,Site_11,Warning,32.2,161
2025-05-19 14:14:57.800435,Config Change,Site_14,Minor,27.3,75
2025-05-19 19:31:53.122816,Temperature Alert,Site_10,Critical,28.3,74
2025-05-19 22:02:24.534325,Config Change,Site_9,Critical,28.8,8
2025-05-20 00:20:30.192596,Link Down,Site_10,Minor,32.6,68
2025-05-20 04:37:03.648780,Authentication Failure,Site_3,Major,26.9,60
2025-05-20 04:56:11.458596,Interface Flapping,Site_3,Major,23.3,15
2025-05-20 10:55:58.669486,High CPU,Site_12,Info,21.3,122
2025-05-20 15:43:06.167320,Interface Flapping,Site_3,Major,22.8,166
2025-05-20 20:33:21.925477,High CPU,Site_4,Warning,38.0,37
2025-05-20 23:18:06.456936,Packet Loss,Site_19,Minor,29.5,24
2025-05-21 02:13:16.342618,Packet Loss,Site_15,Major,33.3,10
2025-05-21 03:11:34.588117,Config Change,Site_16,Major,18.8,63
2025-05-21 03:15:12.770660,Temperature Alert,Site_15,Major,33.7,13
2025-05-21 13:13:31.478036,Temperature Alert,Site_1,Critical,25.3,3
2025-05-21 19:50:58.860299,Memory Overflow,Site_11,Minor,31.8,69
2025-05-21 20:14:23.033985,Packet Loss,Site_6,Warning,26.8,14
2025-05-21 20:16:00.739607,Latency Spike,Site_18,Critical,29.6,72
2025-05-21 21:05:05.719786,Link Down,Site_11,Warning,28.2,28
2025-05-21 21:12:15.607886,Packet Loss,Site_11,Critical,23.4,119
2025-05-21 21:18:54.736687,Config Change,Site_2,Warning,28.7,21
2025-05-22 00:30:28.569787,Authentication Failure,Site_4,Minor,26.0,133
2025-05-22 00:34:39.996540,Config Change,Site_3,Critical,28.9,15
2025-05-22 01:16:58.815746,High CPU,Site_7,Info,29.4,154
2025-05-22 04:59:08.456585,Latency Spike,Site_19,Critical,31.6,70
2025-05-22 06:51:59.757380,Authentication Failure,Site_8,Major,19.7,82
2025-05-22 08:23:17.048859,Latency Spike,Site_6,Info,19.3,172
2025-05-22 10:53:56.846240,High CPU,Site_1,Minor,22.1,164
2025-05-22 12:03:04.278408,Config Change,Site_4,Major,31.6,65
2025-05-22 13:43:35.420537,Packet Loss,Site_2,Major,31.3,17
2025-05-22 18:47:02.273716,Latency Spike,Site_13,Minor,18.9,20
2025-05-22 21:34:27.823386,Latency Spike,Site_3,Critical,30.7,143
2025-05-22 23:58:53.808899,Authentication Failure,Site_17,Minor,26.2,176
2025-05-23 04:03:55.101959,Interface Flapping,Site_2,Minor,18.3,36
2025-05-23 04:54:40.123389,Packet Loss,Site_7,Critical,28.7,101
2025-05-23 05:02:43.654609,High CPU,Site_8,Warning,29.9,60
2025-05-23 06:04:50.397737,Link Down,Site_13,Critical,31.1,73
2025-05-23 08:22:04.416853,Authentication Failure,Site_6,Critical,34.2,122
2025-05-23 09:56:32.244960,Packet Loss,Site_6,Minor,34.1,78
2025-05-23 14:11:46.397426,High CPU,Site_1,Major,30.0,157
2025-05-23 14:49:15.650600,Packet Loss,Site_3,Critical,22.6,16
2025-05-23 18:55:45.910371,Packet Loss,Site_3,Major,19.9,84
2025-05-23 19:34:49.696517,Config Change,Site_13,Minor,33.8,114
2025-05-23 19:59:03.385085,Temperature Alert,Site_15,Major,25.1,36
2025-05-23 20:00:22.455825,Interface Flapping,Site_7,Critical,27.7,16
2025-05-24 06:56:53.947088,Temperature Alert,Site_15,Major,38.0,145
2025-05-24 08:43:42.721591,Interface Flapping,Site_13,Info,29.4,12
2025-05-24 14:35:49.165621,Config Change,Site_3,Major,25.3,20
2025-05-24 15:24:18.139767,Interface Flapping,Site_16,Info,24.8,104
2025-05-24 18:04:45.087229,Link Down,Site_12,Minor,23.4,105
2025-05-24 18:16:57.200035,Packet Loss,Site_12,Info,28.5,66
2025-05-24 19:15:03.314151,Memory Overflow,Site_20,Info,32.7,83
2025-05-24 21:05:03.048538,High CPU,Site_8,Info,34.7,152
2025-05-24 21:55:47.680915,Temperature Alert,Site_18,Major,37.3,95
2025-05-25 00:28:05.609035,Link Down,Site_15,Critical,35.6,112
2025-05-25 09:39:28.430857,Link Down,Site_11,Warning,23.0,99
2025-05-25 14:54:16.011967,Temperature Alert,Site_9,Minor,33.3,47
2025-05-25 18:33:46.872893,Latency Spike,Site_2,Critical,22.7,171
2025-05-25 20:09:27.943889,Interface Flapping,Site_13,Major,34.2,1
2025-05-25 22:32:55.724101,Latency Spike,Site_13,Info,34.0,83
2025-05-25 22:57:55.752028,Temperature Alert,Site_18,Major,29.0,82
2025-05-26 02:00:52.509775,Temperature Alert,Site_8,Minor,30.0,64
2025-05-26 05:30:59.995077,Authentication Failure,Site_2,Critical,23.8,130
2025-05-26 07:03:34.221614,Latency Spike,Site_14,Minor,24.9,74
2025-05-26 10:59:30.440100,Link Down,Site_12,Critical,32.6,88
2025-05-26 11:10:45.800576,Interface Flapping,Site_10,Info,19.4,107
2025-05-26 11:32:00.507340,Config Change,Site_10,Major,31.5,88
2025-05-26 12:13:29.671048,Packet Loss,Site_3,Minor,22.4,147
2025-05-26 13:39:04.545869,Memory Overflow,Site_5,Major,33.2,155
2025-05-26 14:24:57.933585,Temperature Alert,Site_12,Major,23.2,114
2025-05-26 15:01:19.140867,Latency Spike,Site_9,Minor,32.0,128
2025-05-26 19:11:22.298427,High CPU,Site_11,Info,20.5,13
2025-05-27 05:17:15.036276,Link Down,Site_15,Warning,37.0,87
2025-05-27 06:40:58.075758,Packet Loss,Site_15,Minor,19.0,124
2025-05-27 09:13:52.015717,High CPU,Site_3,Major,25.5,71
2025-05-27 11:23:30.152914,Temperature Alert,Site_3,Info,21.5,79
2025-05-27 12:03:48.705815,Temperature Alert,Site_18,Warning,34.5,140
2025-05-27 12:38:35.391078,Power Issue,Site_15,Info,36.9,143
2025-05-27 13:04:28.452311,Latency Spike,Site_5,Critical,26.0,146
2025-05-27 13:40:56.080414,High CPU,Site_5,Critical,30.9,127
2025-05-27 15:37:27.835467,Config Change,Site_16,Critical,18.1,179
2025-05-27 16:20:18.144676,Memory Overflow,Site_7,Info,28.7,143
2025-05-27 17:05:43.298312,Authentication Failure,Site_7,Warning,30.3,177
2025-05-27 18:15:56.937463,High CPU,Site_12,Warning,29.7,156
2025-05-27 18:43:51.346305,High CPU,Site_7,Minor,23.8,21
2025-05-27 21:09:11.242667,Packet Loss,Site_2,Major,31.0,4
2025-05-27 23:50:21.581928,Memory Overflow,Site_6,Info,22.1,53
2025-05-28 00:44:58.903200,Latency Spike,Site_6,Critical,26.0,80
2025-05-28 03:57:23.874244,Memory Overflow,Site_11,Minor,28.5,62
2025-05-28 05:17:00.342243,Power Issue,Site_13,Major,30.5,135
2025-05-28 09:26:25.388398,Power Issue,Site_1,Major,23.6,154
2025-05-28 09:37:44.184607,Power Issue,Site_5,Info,25.7,28
2025-05-28 10:47:04.692184,Link Down,Site_11,Minor,21.0,104
2025-05-28 11:02:35.882241,Packet Loss,Site_14,Major,19.0,140
2025-05-28 11:07:35.425349,High CPU,Site_17,Minor,19.2,39
2025-05-28 12:33:28.064062,Link Down,Site_13,Minor,29.3,158
2025-05-28 17:53:09.931161,Packet Loss,Site_13,Major,28.5,50
2025-05-29 01:39:38.967308,Latency Spike,Site_9,Info,34.4,28
2025-05-29 01:43:37.972580,Authentication Failure,Site_12,Warning,31.5,56
2025-05-29 02:11:42.183425,Latency Spike,Site_10,Major,28.1,171
2025-05-29 04:10:51.073619,Packet Loss,Site_9,Critical,29.5,173
2025-05-29 06:59:42.402545,Authentication Failure,Site_9,Warning,26.1,155
2025-05-29 07:52:11.880231,Temperature Alert,Site_14,Minor,30.5,94
2025-05-29 10:51:20.284020,Temperature Alert,Site_15,Major,28.4,105
2025-05-29 11:02:06.297676,Temperature Alert,Site_5,Warning,34.8,92
2025-05-29 11:03:44.784145,Interface Flapping,Site_12,Major,25.4,155
2025-05-29 13:16:55.831180,Memory Overflow,Site_7,Critical,26.4,10
2025-05-29 16:29:27.792448,Memory Overflow,Site_14,Critical,26.2,81
2025-05-29 17:04:42.590047,Interface Flapping,Site_18,Major,32.7,94
2025-05-29 19:49:16.342416,Link Down,Site_18,Critical,25.9,144
2025-05-30 00:12:19.467329,Temperature Alert,Site_13,Major,34.8,19
2025-05-30 00:26:19.559905,Interface Flapping,Site_17,Critical,30.2,110
2025-05-30 02:06:49.951136,Temperature Alert,Site_13,Critical,26.6,83
2025-05-30 07:18:06.693356,High CPU,Site_19,Warning,27.6,157
2025-05-30 11:57:10.978868,Memory Overflow,Site_19,Info,27.2,39
2025-05-30 14:21:07.377764,Authentication Failure,Site_4,Minor,28.4,80
2025-05-30 16:03:53.683585,Latency Spike,Site_20,Warning,33.7,64
2025-05-30 17:41:01.250273,Memory Overflow,Site_3,Critical,28.7,24
2025-05-31 07:24:04.678847,Authentication Failure,Site_3,Major,32.7,4
2025-05-31 11:07:57.231128,Config Change,Site_10,Minor,26.0,81
2025-05-31 11:14:56.068091,Config Change,Site_10,Critical,33.0,52
2025-05-31 11:20:18.534422,Authentication Failure,Site_13,Info,26.0,105
2025-05-31 12:48:47.920214,Config Change,Site_1,Warning,31.1,160
