timestamp,alarm_type,site_id,severity,temperature,duration_minutes,hour,day,day_of_week,month,alarm_type_code,site_id_code,severity_code
2025-03-03 17:53:38.176697,Latency Spike,Site_11,Critical,30.7,42,17,3,0,3,4,2,4
2025-03-03 17:53:43.923767,Temperature Alert,Site_20,Critical,30.4,163,17,3,0,3,9,12,4
2025-03-03 21:32:15.682001,Temperature Alert,Site_14,Minor,31.9,131,21,3,0,3,9,5,2
2025-03-03 23:53:19.120428,Memory Overflow,Site_20,Info,25.4,154,23,3,0,3,6,12,0
2025-03-04 01:24:46.878377,Packet Loss,Site_17,Critical,34.8,151,1,4,1,3,7,8,4
2025-03-04 06:44:58.235942,Config Change,Site_15,Info,29.3,24,6,4,1,3,1,6,0
2025-03-04 07:03:27.946087,Power Issue,Site_5,Major,23.4,36,7,4,1,3,8,15,3
2025-03-04 07:35:24.378306,High CPU,Site_16,Minor,30.8,75,7,4,1,3,2,7,2
2025-03-04 08:35:56.351231,Memory Overflow,Site_16,Info,28.6,153,8,4,1,3,6,7,0
2025-03-04 09:08:44.720724,Authentication Failure,Site_6,Warning,33.6,87,9,4,1,3,0,16,1
2025-03-04 09:31:16.931123,Link Down,Site_13,Minor,20.0,158,9,4,1,3,5,4,2
2025-03-04 15:33:56.561910,Interface Flapping,Site_12,Critical,23.7,64,15,4,1,3,3,3,4
2025-03-04 17:49:57.310385,Link Down,Site_6,Minor,29.6,52,17,4,1,3,5,16,2
2025-03-04 18:00:15.385962,Power Issue,Site_4,Info,21.4,110,18,4,1,3,8,14,0
2025-03-04 18:15:27.823757,Latency Spike,Site_7,Warning,19.4,170,18,4,1,3,4,17,1
2025-03-05 00:15:28.262121,Authentication Failure,Site_8,Warning,21.0,38,0,5,2,3,0,18,1
2025-03-05 01:03:11.503619,Latency Spike,Site_14,Warning,31.3,20,1,5,2,3,4,5,1
2025-03-05 07:42:30.049173,Temperature Alert,Site_9,Critical,33.9,27,7,5,2,3,9,19,4
2025-03-05 08:15:21.051943,Temperature Alert,Site_20,Major,32.1,62,8,5,2,3,9,12,3
2025-03-05 08:52:09.286453,Memory Overflow,Site_10,Minor,31.4,107,8,5,2,3,6,1,2
2025-03-05 10:25:12.668065,Interface Flapping,Site_6,Major,18.4,161,10,5,2,3,3,16,3
2025-03-05 15:43:05.075531,Interface Flapping,Site_1,Warning,20.5,50,15,5,2,3,3,0,1
2025-03-05 16:05:26.074934,Link Down,Site_7,Info,20.2,19,16,5,2,3,5,17,0
2025-03-05 19:23:41.416634,Interface Flapping,Site_4,Major,18.0,83,19,5,2,3,3,14,3
2025-03-06 03:55:51.688605,High CPU,Site_5,Major,32.6,121,3,6,3,3,2,15,3
2025-03-06 05:10:17.269360,Link Down,Site_19,Info,22.8,121,5,6,3,3,5,10,0
2025-03-06 05:10:46.298167,High CPU,Site_16,Critical,18.8,145,5,6,3,3,2,7,4
2025-03-06 15:23:53.134951,Memory Overflow,Site_15,Minor,21.3,86,15,6,3,3,6,6,2
2025-03-06 17:25:08.801318,Packet Loss,Site_4,Critical,24.6,155,17,6,3,3,7,14,4
2025-03-06 19:17:00.717030,Link Down,Site_18,Warning,30.4,94,19,6,3,3,5,9,1
2025-03-06 19:34:08.625075,Temperature Alert,Site_20,Major,38.9,157,19,6,3,3,9,12,3
2025-03-06 21:59:28.345496,Power Issue,Site_13,Major,22.7,24,21,6,3,3,8,4,3
2025-03-06 22:58:25.228312,Config Change,Site_10,Minor,19.0,31,22,6,3,3,1,1,2
2025-03-06 23:36:40.911359,Link Down,Site_14,Critical,22.7,128,23,6,3,3,5,5,4
2025-03-07 01:18:51.932489,Memory Overflow,Site_2,Minor,21.5,2,1,7,4,3,6,11,2
2025-03-07 02:04:22.361114,Temperature Alert,Site_18,Critical,29.0,9,2,7,4,3,9,9,4
2025-03-07 05:14:39.271206,Config Change,Site_9,Warning,20.1,180,5,7,4,3,1,19,1
2025-03-07 06:36:17.949463,Power Issue,Site_18,Warning,18.7,124,6,7,4,3,8,9,1
2025-03-07 11:14:08.667813,Config Change,Site_2,Info,31.6,18,11,7,4,3,1,11,0
2025-03-07 11:37:39.445967,Latency Spike,Site_5,Minor,30.7,80,11,7,4,3,4,15,2
2025-03-07 12:56:46.178708,Latency Spike,Site_20,Critical,32.0,92,12,7,4,3,4,12,4
2025-03-07 19:28:57.815504,Authentication Failure,Site_9,Major,28.1,41,19,7,4,3,0,19,3
2025-03-07 20:50:44.998834,Packet Loss,Site_15,Minor,22.5,56,20,7,4,3,7,6,2
2025-03-07 21:20:24.680984,Authentication Failure,Site_7,Info,29.7,30,21,7,4,3,0,17,0
2025-03-07 21:22:52.116559,High CPU,Site_1,Major,27.5,45,21,7,4,3,2,0,3
2025-03-08 03:21:16.319249,Latency Spike,Site_14,Minor,33.8,7,3,8,5,3,4,5,2
2025-03-08 05:16:35.541112,Temperature Alert,Site_14,Minor,23.5,116,5,8,5,3,9,5,2
2025-03-08 08:36:14.175025,Latency Spike,Site_10,Info,33.6,78,8,8,5,3,4,1,0
2025-03-08 10:17:39.853778,Power Issue,Site_18,Minor,33.0,85,10,8,5,3,8,9,2
2025-03-08 10:28:43.876925,Temperature Alert,Site_8,Info,31.6,173,10,8,5,3,9,18,0
2025-03-08 11:45:52.301417,Link Down,Site_8,Critical,26.5,10,11,8,5,3,5,18,4
2025-03-08 12:53:48.186294,Memory Overflow,Site_12,Info,27.1,178,12,8,5,3,6,3,0
2025-03-08 15:53:26.297753,Config Change,Site_15,Minor,19.9,105,15,8,5,3,1,6,2
2025-03-08 18:02:44.616910,Latency Spike,Site_9,Major,28.7,168,18,8,5,3,4,19,3
2025-03-08 19:33:49.439849,Packet Loss,Site_18,Info,25.3,84,19,8,5,3,7,9,0
2025-03-08 20:28:52.057855,Interface Flapping,Site_16,Minor,25.2,109,20,8,5,3,3,7,2
2025-03-08 21:00:34.164653,Latency Spike,Site_17,Minor,35.0,73,21,8,5,3,4,8,2
2025-03-09 05:14:38.454755,Authentication Failure,Site_7,Info,21.1,178,5,9,6,3,0,17,0
2025-03-09 18:19:18.428013,Link Down,Site_17,Critical,23.6,92,18,9,6,3,5,8,4
2025-03-09 22:50:56.985625,Packet Loss,Site_17,Info,33.4,15,22,9,6,3,7,8,0
2025-03-09 23:09:17.521663,Temperature Alert,Site_20,Major,38.8,30,23,9,6,3,9,12,3
2025-03-09 23:23:43.669873,Power Issue,Site_4,Major,30.2,170,23,9,6,3,8,14,3
2025-03-10 00:39:51.490139,Latency Spike,Site_8,Warning,27.7,22,0,10,0,3,4,18,1
2025-03-10 04:51:32.603546,Memory Overflow,Site_16,Major,23.1,118,4,10,0,3,6,7,3
2025-03-10 07:30:17.928970,Authentication Failure,Site_17,Major,19.7,139,7,10,0,3,0,8,3
2025-03-10 08:26:40.055531,Interface Flapping,Site_8,Warning,26.6,131,8,10,0,3,3,18,1
2025-03-10 09:54:16.060409,High CPU,Site_12,Minor,20.5,98,9,10,0,3,2,3,2
2025-03-10 10:23:12.809451,Authentication Failure,Site_4,Info,34.3,150,10,10,0,3,0,14,0
2025-03-10 12:07:07.731914,Power Issue,Site_4,Warning,21.3,124,12,10,0,3,8,14,1
2025-03-10 16:02:44.175793,Link Down,Site_8,Major,27.8,128,16,10,0,3,5,18,3
2025-03-10 16:37:08.725909,Authentication Failure,Site_17,Warning,24.9,84,16,10,0,3,0,8,1
2025-03-10 16:38:08.102233,Link Down,Site_14,Info,24.5,130,16,10,0,3,5,5,0
2025-03-10 17:37:43.735363,High CPU,Site_20,Critical,34.3,129,17,10,0,3,2,12,4
2025-03-10 18:32:52.699195,Interface Flapping,Site_14,Minor,19.6,134,18,10,0,3,3,5,2
2025-03-10 19:30:00.526194,Config Change,Site_11,Warning,25.9,73,19,10,0,3,1,2,1
2025-03-10 20:40:46.959216,High CPU,Site_15,Info,18.4,16,20,10,0,3,2,6,0
2025-03-11 02:13:51.644284,Temperature Alert,Site_3,Info,27.0,37,2,11,1,3,9,13,0
2025-03-11 06:19:30.240227,Packet Loss,Site_13,Major,28.8,68,6,11,1,3,7,4,3
2025-03-11 12:39:01.241100,Temperature Alert,Site_15,Info,18.3,49,12,11,1,3,9,6,0
2025-03-11 18:22:56.008473,Link Down,Site_13,Info,18.3,104,18,11,1,3,5,4,0
2025-03-12 02:06:21.917616,Temperature Alert,Site_20,Major,29.5,1,2,12,2,3,9,12,3
2025-03-12 02:49:48.396453,Packet Loss,Site_16,Minor,28.1,45,2,12,2,3,7,7,2
2025-03-12 03:23:27.164760,Interface Flapping,Site_16,Minor,31.3,65,3,12,2,3,3,7,2
2025-03-12 03:45:45.924636,Packet Loss,Site_9,Minor,32.2,121,3,12,2,3,7,19,2
2025-03-12 04:51:47.048170,Config Change,Site_6,Critical,26.3,90,4,12,2,3,1,16,4
2025-03-12 08:09:22.115538,Power Issue,Site_17,Warning,20.9,23,8,12,2,3,8,8,1
2025-03-12 12:05:23.704408,Temperature Alert,Site_20,Major,31.7,154,12,12,2,3,9,12,3
2025-03-12 17:37:38.833217,Interface Flapping,Site_14,Info,32.8,118,17,12,2,3,3,5,0
2025-03-12 19:07:21.750656,Memory Overflow,Site_13,Critical,34.4,80,19,12,2,3,6,4,4
2025-03-12 19:28:57.275974,Link Down,Site_8,Minor,21.5,121,19,12,2,3,5,18,2
2025-03-13 07:19:18.672599,Temperature Alert,Site_6,Major,28.4,110,7,13,3,3,9,16,3
2025-03-13 09:20:05.125153,Latency Spike,Site_7,Major,18.2,114,9,13,3,3,4,17,3
2025-03-13 13:46:43.083652,Power Issue,Site_15,Warning,32.9,29,13,13,3,3,8,6,1
2025-03-13 17:31:33.300248,Temperature Alert,Site_13,Critical,26.0,164,17,13,3,3,9,4,4
2025-03-13 19:39:31.741715,Memory Overflow,Site_12,Warning,33.1,147,19,13,3,3,6,3,1
2025-03-14 03:19:39.441092,Interface Flapping,Site_12,Critical,33.2,9,3,14,4,3,3,3,4
2025-03-14 04:41:15.542877,Temperature Alert,Site_6,Critical,23.6,135,4,14,4,3,9,16,4
2025-03-14 04:45:31.401588,Packet Loss,Site_15,Warning,21.3,154,4,14,4,3,7,6,1
2025-03-14 05:27:17.016717,Power Issue,Site_15,Major,21.5,172,5,14,4,3,8,6,3
2025-03-14 07:24:31.972510,Link Down,Site_15,Major,24.0,110,7,14,4,3,5,6,3
2025-03-14 10:13:47.821787,Packet Loss,Site_15,Critical,25.0,109,10,14,4,3,7,6,4
2025-03-14 12:24:51.525806,High CPU,Site_15,Major,26.8,81,12,14,4,3,2,6,3
2025-03-14 15:49:48.874334,Link Down,Site_12,Info,34.0,63,15,14,4,3,5,3,0
2025-03-14 17:22:57.407219,Latency Spike,Site_9,Critical,26.2,33,17,14,4,3,4,19,4
2025-03-14 19:52:30.177008,Config Change,Site_5,Major,30.5,95,19,14,4,3,1,15,3
2025-03-14 20:00:39.391731,Packet Loss,Site_12,Critical,24.4,57,20,14,4,3,7,3,4
2025-03-14 20:23:11.529342,Packet Loss,Site_13,Warning,18.4,164,20,14,4,3,7,4,1
2025-03-14 22:01:28.856729,High CPU,Site_3,Info,24.0,87,22,14,4,3,2,13,0
2025-03-14 23:31:48.958892,Authentication Failure,Site_5,Info,30.3,163,23,14,4,3,0,15,0
2025-03-14 23:57:00.960011,Link Down,Site_2,Critical,30.1,160,23,14,4,3,5,11,4
2025-03-15 01:12:58.888454,Latency Spike,Site_7,Warning,34.7,136,1,15,5,3,4,17,1
2025-03-15 07:47:43.280834,Power Issue,Site_2,Info,25.2,45,7,15,5,3,8,11,0
2025-03-15 08:36:50.582997,Temperature Alert,Site_11,Major,34.5,136,8,15,5,3,9,2,3
2025-03-15 12:01:47.266649,Packet Loss,Site_14,Critical,19.7,110,12,15,5,3,7,5,4
2025-03-15 12:02:25.448115,Latency Spike,Site_2,Major,34.2,20,12,15,5,3,4,11,3
2025-03-15 13:03:13.697928,Power Issue,Site_2,Major,34.5,128,13,15,5,3,8,11,3
2025-03-15 14:08:07.415775,Latency Spike,Site_12,Minor,27.2,62,14,15,5,3,4,3,2
2025-03-15 16:41:02.639206,Memory Overflow,Site_3,Info,25.8,56,16,15,5,3,6,13,0
2025-03-16 02:33:22.166005,Power Issue,Site_2,Warning,20.7,81,2,16,6,3,8,11,1
2025-03-16 05:37:53.907353,Authentication Failure,Site_9,Warning,27.6,41,5,16,6,3,0,19,1
2025-03-16 09:13:31.177316,Latency Spike,Site_7,Major,31.6,167,9,16,6,3,4,17,3
2025-03-16 10:19:17.815086,Authentication Failure,Site_1,Info,33.4,139,10,16,6,3,0,0,0
2025-03-16 11:04:43.154079,Power Issue,Site_12,Critical,33.2,100,11,16,6,3,8,3,4
2025-03-16 12:31:02.812202,Config Change,Site_8,Info,23.3,126,12,16,6,3,1,18,0
2025-03-16 17:23:26.333288,High CPU,Site_16,Major,24.3,123,17,16,6,3,2,7,3
2025-03-16 21:13:56.654097,Interface Flapping,Site_3,Info,26.3,96,21,16,6,3,3,13,0
2025-03-17 04:17:29.573291,Authentication Failure,Site_15,Critical,23.6,151,4,17,0,3,0,6,4
2025-03-17 05:19:47.217224,Authentication Failure,Site_17,Major,21.0,44,5,17,0,3,0,8,3
2025-03-17 06:15:42.579618,Memory Overflow,Site_8,Major,26.9,115,6,17,0,3,6,18,3
2025-03-17 09:31:03.820989,Latency Spike,Site_15,Warning,19.9,87,9,17,0,3,4,6,1
2025-03-17 11:42:47.537981,Authentication Failure,Site_17,Info,23.4,53,11,17,0,3,0,8,0
2025-03-17 12:59:23.617335,Latency Spike,Site_14,Info,21.9,148,12,17,0,3,4,5,0
2025-03-17 16:28:05.780428,High CPU,Site_6,Major,22.2,99,16,17,0,3,2,16,3
2025-03-17 20:06:39.141244,Memory Overflow,Site_6,Major,25.4,109,20,17,0,3,6,16,3
2025-03-18 03:42:15.517106,Temperature Alert,Site_1,Major,26.8,6,3,18,1,3,9,0,3
2025-03-18 03:52:46.585304,Config Change,Site_5,Critical,24.2,128,3,18,1,3,1,15,4
2025-03-18 04:27:17.007429,Packet Loss,Site_6,Critical,19.8,43,4,18,1,3,7,16,4
2025-03-18 11:14:40.969465,High CPU,Site_13,Minor,32.6,85,11,18,1,3,2,4,2
2025-03-18 14:49:03.860828,Authentication Failure,Site_9,Minor,31.0,164,14,18,1,3,0,19,2
2025-03-18 18:04:25.300238,Latency Spike,Site_6,Major,33.1,107,18,18,1,3,4,16,3
2025-03-18 20:28:56.006907,Power Issue,Site_12,Info,28.4,50,20,18,1,3,8,3,0
2025-03-18 22:50:34.614535,High CPU,Site_14,Major,18.1,88,22,18,1,3,2,5,3
2025-03-18 22:59:26.726067,High CPU,Site_6,Major,31.7,34,22,18,1,3,2,16,3
2025-03-19 02:51:22.714119,Temperature Alert,Site_9,Major,23.9,150,2,19,2,3,9,19,3
2025-03-19 04:15:45.627613,Config Change,Site_7,Major,25.6,113,4,19,2,3,1,17,3
2025-03-19 06:55:40.665587,Config Change,Site_6,Critical,19.4,180,6,19,2,3,1,16,4
2025-03-19 08:24:54.260173,High CPU,Site_18,Warning,31.6,112,8,19,2,3,2,9,1
2025-03-19 08:32:03.855158,Temperature Alert,Site_3,Critical,23.0,86,8,19,2,3,9,13,4
2025-03-19 09:47:44.193818,Link Down,Site_7,Critical,24.4,169,9,19,2,3,5,17,4
2025-03-19 12:47:24.644490,Power Issue,Site_17,Warning,33.9,60,12,19,2,3,8,8,1
2025-03-19 16:08:02.228151,Config Change,Site_9,Minor,27.5,31,16,19,2,3,1,19,2
2025-03-19 16:59:17.503319,Latency Spike,Site_16,Minor,26.8,129,16,19,2,3,4,7,2
2025-03-19 18:18:24.835606,Packet Loss,Site_2,Info,23.1,86,18,19,2,3,7,11,0
2025-03-19 18:25:45.480457,Temperature Alert,Site_16,Info,22.0,91,18,19,2,3,9,7,0
2025-03-19 19:53:23.949926,Memory Overflow,Site_12,Critical,19.6,107,19,19,2,3,6,3,4
2025-03-20 08:02:53.384283,Packet Loss,Site_16,Critical,26.8,158,8,20,3,3,7,7,4
2025-03-20 10:35:46.872689,Latency Spike,Site_15,Major,31.2,30,10,20,3,3,4,6,3
2025-03-20 12:52:27.751728,Temperature Alert,Site_12,Critical,29.1,92,12,20,3,3,9,3,4
2025-03-20 16:44:12.195312,Interface Flapping,Site_14,Critical,27.5,152,16,20,3,3,3,5,4
2025-03-20 18:09:12.591594,Power Issue,Site_16,Critical,27.2,142,18,20,3,3,8,7,4
2025-03-20 20:55:45.820068,Authentication Failure,Site_19,Warning,33.6,138,20,20,3,3,0,10,1
2025-03-20 21:19:21.616632,Config Change,Site_18,Major,35.0,120,21,20,3,3,1,9,3
2025-03-21 06:14:57.380719,Memory Overflow,Site_1,Major,33.7,165,6,21,4,3,6,0,3
2025-03-21 08:02:09.158466,Memory Overflow,Site_17,Warning,22.8,130,8,21,4,3,6,8,1
2025-03-21 08:58:30.163632,Packet Loss,Site_4,Minor,30.2,21,8,21,4,3,7,14,2
2025-03-21 09:47:08.669418,Memory Overflow,Site_19,Critical,23.7,3,9,21,4,3,6,10,4
2025-03-21 10:52:26.380916,Authentication Failure,Site_8,Major,34.0,58,10,21,4,3,0,18,3
2025-03-21 12:36:30.792564,Interface Flapping,Site_12,Minor,33.4,31,12,21,4,3,3,3,2
2025-03-21 13:26:11.938265,Packet Loss,Site_3,Warning,29.1,160,13,21,4,3,7,13,1
2025-03-21 16:07:24.031101,Power Issue,Site_14,Warning,34.7,97,16,21,4,3,8,5,1
2025-03-21 19:43:58.777094,High CPU,Site_1,Warning,21.0,52,19,21,4,3,2,0,1
2025-03-21 22:44:37.303111,Memory Overflow,Site_1,Minor,33.6,108,22,21,4,3,6,0,2
2025-03-22 03:12:17.702410,Memory Overflow,Site_9,Critical,27.1,149,3,22,5,3,6,19,4
2025-03-22 03:12:50.280049,High CPU,Site_5,Critical,39.7,50,3,22,5,3,2,15,4
2025-03-22 05:35:06.739053,Temperature Alert,Site_19,Major,22.8,90,5,22,5,3,9,10,3
2025-03-22 07:19:08.799343,Authentication Failure,Site_14,Warning,22.3,174,7,22,5,3,0,5,1
2025-03-22 07:49:08.401741,Temperature Alert,Site_6,Minor,28.6,61,7,22,5,3,9,16,2
2025-03-22 08:28:36.403366,Authentication Failure,Site_1,Info,22.0,121,8,22,5,3,0,0,0
2025-03-22 10:07:38.369687,Temperature Alert,Site_5,Major,38.9,43,10,22,5,3,9,15,3
2025-03-22 11:24:10.901552,Latency Spike,Site_1,Major,23.2,174,11,22,5,3,4,0,3
2025-03-22 13:13:33.541435,Packet Loss,Site_15,Minor,22.6,95,13,22,5,3,7,6,2
2025-03-22 13:36:53.652011,Authentication Failure,Site_4,Major,32.3,105,13,22,5,3,0,14,3
2025-03-22 15:50:46.522112,Link Down,Site_1,Warning,22.2,100,15,22,5,3,5,0,1
2025-03-22 19:19:54.961399,Authentication Failure,Site_1,Critical,23.8,13,19,22,5,3,0,0,4
2025-03-22 22:23:14.594109,Packet Loss,Site_15,Warning,30.6,136,22,22,5,3,7,6,1
2025-03-22 23:40:39.710680,Temperature Alert,Site_20,Major,32.0,86,23,22,5,3,9,12,3
2025-03-23 00:02:05.629475,Interface Flapping,Site_20,Warning,35.4,128,0,23,6,3,3,12,1
2025-03-23 02:51:01.177707,Packet Loss,Site_19,Major,30.2,137,2,23,6,3,7,10,3
2025-03-23 09:53:07.669154,Memory Overflow,Site_13,Minor,22.4,134,9,23,6,3,6,4,2
2025-03-23 14:19:26.490520,Interface Flapping,Site_4,Minor,28.7,172,14,23,6,3,3,14,2
2025-03-23 16:40:48.168677,Power Issue,Site_13,Critical,30.7,60,16,23,6,3,8,4,4
2025-03-23 18:35:50.385864,Memory Overflow,Site_17,Warning,27.5,92,18,23,6,3,6,8,1
2025-03-23 18:59:46.174094,Latency Spike,Site_10,Critical,27.0,80,18,23,6,3,4,1,4
2025-03-24 01:28:17.489969,Config Change,Site_13,Critical,24.1,158,1,24,0,3,1,4,4
2025-03-24 02:33:32.272665,Temperature Alert,Site_14,Major,34.2,154,2,24,0,3,9,5,3
2025-03-24 07:04:38.529819,Temperature Alert,Site_4,Major,26.4,18,7,24,0,3,9,14,3
2025-03-24 08:44:54.949152,Memory Overflow,Site_11,Minor,27.1,79,8,24,0,3,6,2,2
2025-03-24 09:30:00.694385,Link Down,Site_18,Minor,26.4,32,9,24,0,3,5,9,2
2025-03-24 09:36:28.418398,Packet Loss,Site_18,Warning,26.7,99,9,24,0,3,7,9,1
2025-03-24 10:15:53.227261,Config Change,Site_7,Major,24.7,152,10,24,0,3,1,17,3
2025-03-24 12:26:28.015165,Latency Spike,Site_3,Warning,27.0,93,12,24,0,3,4,13,1
2025-03-24 15:38:20.477995,Interface Flapping,Site_14,Critical,31.1,65,15,24,0,3,3,5,4
2025-03-24 19:27:37.795149,Temperature Alert,Site_5,Minor,34.5,51,19,24,0,3,9,15,2
2025-03-24 19:36:03.068413,Temperature Alert,Site_8,Info,23.5,67,19,24,0,3,9,18,0
2025-03-24 20:59:50.182357,Config Change,Site_1,Warning,19.9,19,20,24,0,3,1,0,1
2025-03-24 22:28:15.016362,Authentication Failure,Site_11,Minor,27.2,1,22,24,0,3,0,2,2
2025-03-25 00:45:06.628210,Config Change,Site_4,Minor,20.2,163,0,25,1,3,1,14,2
2025-03-25 02:35:25.465351,Latency Spike,Site_9,Minor,18.1,49,2,25,1,3,4,19,2
2025-03-25 04:17:58.828385,Latency Spike,Site_17,Info,31.3,45,4,25,1,3,4,8,0
2025-03-25 13:18:43.973011,Packet Loss,Site_12,Info,30.0,25,13,25,1,3,7,3,0
2025-03-25 13:38:37.637494,Authentication Failure,Site_16,Minor,31.6,35,13,25,1,3,0,7,2
2025-03-25 14:07:20.488793,Power Issue,Site_8,Critical,29.5,5,14,25,1,3,8,18,4
2025-03-25 14:11:16.583426,Link Down,Site_5,Minor,26.5,96,14,25,1,3,5,15,2
2025-03-25 15:00:47.977509,Packet Loss,Site_5,Warning,30.1,6,15,25,1,3,7,15,1
2025-03-25 16:27:05.975751,Memory Overflow,Site_16,Minor,19.7,171,16,25,1,3,6,7,2
2025-03-25 19:23:55.296090,Temperature Alert,Site_19,Warning,22.7,26,19,25,1,3,9,10,1
2025-03-25 21:31:15.798787,Link Down,Site_13,Critical,19.6,14,21,25,1,3,5,4,4
2025-03-26 02:44:44.311380,Config Change,Site_2,Warning,25.3,137,2,26,2,3,1,11,1
2025-03-26 04:19:09.607457,Temperature Alert,Site_14,Critical,34.3,150,4,26,2,3,9,5,4
2025-03-26 06:41:43.967565,Config Change,Site_6,Major,21.7,67,6,26,2,3,1,16,3
2025-03-26 11:33:17.209989,Power Issue,Site_14,Minor,21.8,55,11,26,2,3,8,5,2
2025-03-26 13:20:22.329639,High CPU,Site_15,Minor,29.0,112,13,26,2,3,2,6,2
2025-03-26 13:54:19.922675,Packet Loss,Site_16,Critical,30.3,155,13,26,2,3,7,7,4
2025-03-26 21:02:52.176515,Interface Flapping,Site_4,Major,31.9,25,21,26,2,3,3,14,3
2025-03-26 21:12:44.306146,Memory Overflow,Site_7,Info,29.6,145,21,26,2,3,6,17,0
2025-03-26 23:58:34.268872,Temperature Alert,Site_5,Major,28.3,121,23,26,2,3,9,15,3
2025-03-27 02:41:55.594103,Memory Overflow,Site_8,Minor,25.3,107,2,27,3,3,6,18,2
2025-03-27 07:54:47.738273,Temperature Alert,Site_18,Warning,30.4,101,7,27,3,3,9,9,1
2025-03-27 09:32:51.508177,Power Issue,Site_7,Major,33.0,151,9,27,3,3,8,17,3
2025-03-27 09:33:09.368235,Interface Flapping,Site_5,Warning,37.2,130,9,27,3,3,3,15,1
2025-03-27 10:11:27.809862,Interface Flapping,Site_13,Critical,31.3,102,10,27,3,3,3,4,4
2025-03-27 10:25:53.312934,Latency Spike,Site_3,Critical,25.1,156,10,27,3,3,4,13,4
2025-03-27 14:32:24.373605,Link Down,Site_2,Critical,21.1,60,14,27,3,3,5,11,4
2025-03-27 14:37:20.112563,Power Issue,Site_9,Major,32.2,46,14,27,3,3,8,19,3
2025-03-27 15:04:35.575101,Config Change,Site_18,Warning,24.5,173,15,27,3,3,1,9,1
2025-03-27 15:19:27.931300,Authentication Failure,Site_19,Warning,29.6,3,15,27,3,3,0,10,1
2025-03-27 17:02:31.295172,Config Change,Site_2,Info,18.8,66,17,27,3,3,1,11,0
2025-03-27 18:49:38.973030,Power Issue,Site_13,Critical,19.1,168,18,27,3,3,8,4,4
2025-03-27 21:06:08.003748,Power Issue,Site_8,Minor,25.4,139,21,27,3,3,8,18,2
2025-03-27 21:21:42.432921,Config Change,Site_8,Critical,19.7,19,21,27,3,3,1,18,4
2025-03-27 22:17:42.685654,Packet Loss,Site_4,Major,31.4,146,22,27,3,3,7,14,3
2025-03-27 23:58:56.594960,Interface Flapping,Site_19,Warning,21.0,42,23,27,3,3,3,10,1
2025-03-28 00:56:36.399916,High CPU,Site_9,Info,22.9,29,0,28,4,3,2,19,0
2025-03-28 02:55:57.270356,Memory Overflow,Site_9,Critical,27.7,5,2,28,4,3,6,19,4
2025-03-28 05:06:35.668780,Authentication Failure,Site_12,Critical,19.2,74,5,28,4,3,0,3,4
2025-03-28 05:58:17.559040,Temperature Alert,Site_5,Major,26.5,30,5,28,4,3,9,15,3
2025-03-28 11:15:24.435389,Config Change,Site_8,Info,34.3,130,11,28,4,3,1,18,0
2025-03-28 11:37:10.797286,Latency Spike,Site_3,Minor,26.3,178,11,28,4,3,4,13,2
2025-03-28 15:35:43.716957,Authentication Failure,Site_2,Major,34.0,1,15,28,4,3,0,11,3
2025-03-28 20:21:37.419851,Memory Overflow,Site_1,Critical,24.9,160,20,28,4,3,6,0,4
2025-03-28 23:41:43.510682,High CPU,Site_16,Warning,24.8,33,23,28,4,3,2,7,1
2025-03-29 02:40:15.076066,Temperature Alert,Site_6,Minor,27.1,164,2,29,5,3,9,16,2
2025-03-29 03:57:35.146067,Latency Spike,Site_12,Minor,31.8,86,3,29,5,3,4,3,2
2025-03-29 04:39:08.918511,Temperature Alert,Site_11,Major,23.5,109,4,29,5,3,9,2,3
2025-03-29 05:05:39.818090,Packet Loss,Site_18,Minor,27.3,83,5,29,5,3,7,9,2
2025-03-29 07:58:39.153245,Memory Overflow,Site_15,Info,31.1,39,7,29,5,3,6,6,0
2025-03-29 08:42:03.751059,Config Change,Site_9,Warning,29.8,179,8,29,5,3,1,19,1
2025-03-29 09:42:29.462530,Packet Loss,Site_11,Info,26.4,20,9,29,5,3,7,2,0
2025-03-29 09:55:43.728621,Packet Loss,Site_13,Warning,25.9,71,9,29,5,3,7,4,1
2025-03-29 14:11:15.244831,Link Down,Site_18,Minor,32.1,62,14,29,5,3,5,9,2
2025-03-29 19:05:52.362984,Config Change,Site_7,Major,32.2,36,19,29,5,3,1,17,3
2025-03-29 21:12:41.445725,High CPU,Site_19,Warning,26.2,25,21,29,5,3,2,10,1
2025-03-29 21:23:51.309073,Temperature Alert,Site_15,Major,31.1,17,21,29,5,3,9,6,3
2025-03-29 23:12:27.871878,Temperature Alert,Site_20,Major,33.7,94,23,29,5,3,9,12,3
2025-03-30 00:14:41.214460,High CPU,Site_20,Minor,27.6,131,0,30,6,3,2,12,2
2025-03-30 01:01:32.398327,Packet Loss,Site_17,Major,34.8,176,1,30,6,3,7,8,3
2025-03-30 03:50:01.580144,Config Change,Site_3,Info,33.3,41,3,30,6,3,1,13,0
2025-03-30 07:55:58.450468,Power Issue,Site_2,Info,21.8,14,7,30,6,3,8,11,0
2025-03-30 07:58:12.141557,Link Down,Site_14,Info,21.6,47,7,30,6,3,5,5,0
2025-03-30 08:19:57.647809,Power Issue,Site_11,Major,24.6,177,8,30,6,3,8,2,3
2025-03-30 09:15:34.246353,Config Change,Site_9,Minor,22.2,161,9,30,6,3,1,19,2
2025-03-30 10:29:34.582598,Memory Overflow,Site_19,Minor,32.6,50,10,30,6,3,6,10,2
2025-03-30 12:49:43.941273,High CPU,Site_17,Info,26.6,34,12,30,6,3,2,8,0
2025-03-30 15:21:52.818295,Authentication Failure,Site_20,Info,33.4,99,15,30,6,3,0,12,0
2025-03-30 18:01:48.265026,Power Issue,Site_8,Minor,19.2,38,18,30,6,3,8,18,2
2025-03-30 22:40:39.115512,Latency Spike,Site_6,Info,33.7,133,22,30,6,3,4,16,0
2025-03-31 01:12:57.287398,Temperature Alert,Site_1,Info,34.5,28,1,31,0,3,9,0,0
2025-03-31 02:11:21.786417,Link Down,Site_10,Warning,31.6,131,2,31,0,3,5,1,1
2025-03-31 02:34:38.848903,Memory Overflow,Site_6,Major,24.2,59,2,31,0,3,6,16,3
2025-03-31 03:19:23.812801,Link Down,Site_10,Critical,31.5,45,3,31,0,3,5,1,4
2025-03-31 06:07:30.757185,Temperature Alert,Site_5,Critical,32.6,19,6,31,0,3,9,15,4
2025-03-31 08:48:45.522660,Memory Overflow,Site_4,Minor,31.0,56,8,31,0,3,6,14,2
2025-03-31 09:40:22.576420,Temperature Alert,Site_7,Minor,31.3,70,9,31,0,3,9,17,2
2025-03-31 10:16:47.443184,High CPU,Site_16,Critical,32.2,159,10,31,0,3,2,7,4
2025-03-31 15:46:50.526177,Packet Loss,Site_12,Warning,21.7,48,15,31,0,3,7,3,1
2025-03-31 16:02:51.299511,Latency Spike,Site_3,Major,34.0,156,16,31,0,3,4,13,3
2025-03-31 19:17:02.980911,Latency Spike,Site_5,Minor,24.9,76,19,31,0,3,4,15,2
2025-03-31 22:38:10.228141,Authentication Failure,Site_19,Minor,24.3,133,22,31,0,3,0,10,2
2025-04-01 00:00:46.438598,Link Down,Site_19,Minor,26.1,128,0,1,1,4,5,10,2
2025-04-01 01:21:14.993850,Config Change,Site_17,Info,20.0,147,1,1,1,4,1,8,0
2025-04-01 01:42:54.275952,Power Issue,Site_18,Info,18.4,136,1,1,1,4,8,9,0
2025-04-01 03:42:24.123643,Temperature Alert,Site_11,Major,32.8,26,3,1,1,4,9,2,3
2025-04-01 04:17:17.522067,Config Change,Site_14,Major,23.2,97,4,1,1,4,1,5,3
2025-04-01 04:47:34.648911,Link Down,Site_18,Minor,21.1,84,4,1,1,4,5,9,2
2025-04-01 05:09:24.231753,Packet Loss,Site_17,Warning,24.0,20,5,1,1,4,7,8,1
2025-04-01 06:55:00.945206,High CPU,Site_3,Info,20.3,46,6,1,1,4,2,13,0
2025-04-01 08:14:13.597882,Config Change,Site_14,Info,33.8,108,8,1,1,4,1,5,0
2025-04-01 08:17:19.982462,Temperature Alert,Site_18,Major,31.9,111,8,1,1,4,9,9,3
2025-04-01 10:46:16.309199,High CPU,Site_15,Major,31.0,98,10,1,1,4,2,6,3
2025-04-01 11:35:59.236049,Latency Spike,Site_1,Info,25.8,121,11,1,1,4,4,0,0
2025-04-01 13:12:32.779989,Memory Overflow,Site_17,Warning,20.2,59,13,1,1,4,6,8,1
2025-04-01 18:00:38.581686,Power Issue,Site_18,Minor,28.5,24,18,1,1,4,8,9,2
2025-04-01 18:36:39.906409,Packet Loss,Site_18,Info,31.7,71,18,1,1,4,7,9,0
2025-04-01 18:43:45.590757,Packet Loss,Site_1,Critical,23.3,67,18,1,1,4,7,0,4
2025-04-01 19:20:08.388632,Temperature Alert,Site_12,Major,26.5,130,19,1,1,4,9,3,3
2025-04-01 20:58:09.151468,Power Issue,Site_9,Major,24.0,115,20,1,1,4,8,19,3
2025-04-01 21:03:06.131899,Packet Loss,Site_14,Warning,24.6,104,21,1,1,4,7,5,1
2025-04-02 00:22:35.394921,Latency Spike,Site_2,Major,28.1,33,0,2,2,4,4,11,3
2025-04-02 01:35:18.541589,Temperature Alert,Site_16,Minor,34.8,174,1,2,2,4,9,7,2
2025-04-02 01:51:39.615445,Authentication Failure,Site_16,Major,20.9,179,1,2,2,4,0,7,3
2025-04-02 05:09:57.989370,Temperature Alert,Site_20,Major,36.9,73,5,2,2,4,9,12,3
2025-04-02 05:24:26.143606,Power Issue,Site_4,Critical,26.9,45,5,2,2,4,8,14,4
2025-04-02 09:54:25.600568,Temperature Alert,Site_11,Major,24.9,96,9,2,2,4,9,2,3
2025-04-02 10:17:39.474726,Authentication Failure,Site_20,Major,28.2,48,10,2,2,4,0,12,3
2025-04-02 12:58:56.719166,Link Down,Site_16,Minor,29.6,113,12,2,2,4,5,7,2
2025-04-02 13:06:06.277309,Latency Spike,Site_3,Warning,23.9,154,13,2,2,4,4,13,1
2025-04-02 19:41:32.463677,Power Issue,Site_7,Critical,28.5,134,19,2,2,4,8,17,4
2025-04-02 20:26:05.119797,High CPU,Site_11,Warning,29.4,141,20,2,2,4,2,2,1
2025-04-02 20:53:20.764468,Memory Overflow,Site_11,Warning,25.8,113,20,2,2,4,6,2,1
2025-04-02 21:49:13.992664,Packet Loss,Site_19,Minor,23.6,114,21,2,2,4,7,10,2
2025-04-02 22:43:05.745265,Latency Spike,Site_16,Info,29.3,21,22,2,2,4,4,7,0
2025-04-03 04:56:18.460022,Authentication Failure,Site_13,Critical,31.1,54,4,3,3,4,0,4,4
2025-04-03 05:02:00.310332,Latency Spike,Site_11,Info,32.0,110,5,3,3,4,4,2,0
2025-04-03 10:56:46.098283,Packet Loss,Site_16,Info,20.1,39,10,3,3,4,7,7,0
2025-04-03 12:31:44.033737,Power Issue,Site_2,Major,28.2,1,12,3,3,4,8,11,3
2025-04-03 14:07:13.411313,High CPU,Site_13,Major,30.5,92,14,3,3,4,2,4,3
2025-04-03 14:07:42.396897,Link Down,Site_17,Warning,26.1,56,14,3,3,4,5,8,1
2025-04-03 15:22:00.384112,Authentication Failure,Site_20,Major,34.8,156,15,3,3,4,0,12,3
2025-04-03 18:22:22.907292,Config Change,Site_1,Info,28.9,119,18,3,3,4,1,0,0
2025-04-03 18:57:40.676141,High CPU,Site_9,Info,33.6,180,18,3,3,4,2,19,0
2025-04-03 21:04:26.510342,Memory Overflow,Site_9,Minor,19.1,26,21,3,3,4,6,19,2
2025-04-03 22:10:40.296983,High CPU,Site_10,Minor,24.0,7,22,3,3,4,2,1,2
2025-04-04 00:01:45.809653,High CPU,Site_6,Warning,22.8,72,0,4,4,4,2,16,1
2025-04-04 03:15:50.772673,Config Change,Site_9,Critical,27.2,163,3,4,4,4,1,19,4
2025-04-04 05:03:19.581270,Power Issue,Site_13,Minor,32.0,149,5,4,4,4,8,4,2
2025-04-04 05:46:33.100088,Power Issue,Site_16,Warning,25.9,164,5,4,4,4,8,7,1
2025-04-04 05:57:40.902942,Config Change,Site_18,Warning,24.7,47,5,4,4,4,1,9,1
2025-04-04 06:55:40.720126,Config Change,Site_10,Warning,28.1,168,6,4,4,4,1,1,1
2025-04-04 07:19:05.477508,Power Issue,Site_15,Major,25.2,117,7,4,4,4,8,6,3
2025-04-04 07:40:20.378931,High CPU,Site_5,Minor,26.8,107,7,4,4,4,2,15,2
2025-04-04 10:58:07.158696,Packet Loss,Site_12,Warning,32.6,2,10,4,4,4,7,3,1
2025-04-04 12:56:10.921142,Link Down,Site_10,Major,19.9,102,12,4,4,4,5,1,3
2025-04-04 17:23:35.550474,Latency Spike,Site_13,Critical,34.6,133,17,4,4,4,4,4,4
2025-04-04 18:55:55.637098,Link Down,Site_5,Critical,31.2,46,18,4,4,4,5,15,4
2025-04-04 19:11:30.193740,Packet Loss,Site_5,Warning,33.6,160,19,4,4,4,7,15,1
2025-04-04 19:52:44.431329,Latency Spike,Site_16,Major,18.2,125,19,4,4,4,4,7,3
2025-04-04 21:25:50.301775,High CPU,Site_9,Minor,34.6,128,21,4,4,4,2,19,2
2025-04-04 23:37:26.418820,Config Change,Site_16,Minor,30.5,139,23,4,4,4,1,7,2
2025-04-04 23:51:01.232040,Temperature Alert,Site_3,Warning,21.5,104,23,4,4,4,9,13,1
2025-04-05 03:21:41.161808,Temperature Alert,Site_4,Critical,27.2,29,3,5,5,4,9,14,4
2025-04-05 09:08:22.033480,Link Down,Site_13,Info,33.1,175,9,5,5,4,5,4,0
2025-04-05 10:42:56.395074,Packet Loss,Site_13,Info,33.6,140,10,5,5,4,7,4,0
2025-04-05 16:46:49.383188,Latency Spike,Site_19,Warning,22.3,61,16,5,5,4,4,10,1
2025-04-05 16:58:03.256698,Link Down,Site_1,Info,29.4,29,16,5,5,4,5,0,0
2025-04-05 19:20:40.030430,High CPU,Site_3,Warning,29.6,49,19,5,5,4,2,13,1
2025-04-05 20:34:47.938141,Memory Overflow,Site_13,Major,30.6,128,20,5,5,4,6,4,3
2025-04-06 01:00:17.104167,Interface Flapping,Site_18,Warning,28.4,105,1,6,6,4,3,9,1
2025-04-06 05:30:43.197901,Memory Overflow,Site_19,Critical,29.3,84,5,6,6,4,6,10,4
2025-04-06 06:23:16.670151,Latency Spike,Site_3,Info,23.6,162,6,6,6,4,4,13,0
2025-04-06 09:08:59.755964,Power Issue,Site_8,Info,19.0,9,9,6,6,4,8,18,0
2025-04-06 11:39:18.139166,Config Change,Site_14,Critical,19.4,94,11,6,6,4,1,5,4
2025-04-06 11:43:06.274757,Temperature Alert,Site_16,Warning,31.4,65,11,6,6,4,9,7,1
2025-04-06 14:07:59.003702,Packet Loss,Site_2,Warning,20.5,93,14,6,6,4,7,11,1
2025-04-06 16:25:04.481316,Packet Loss,Site_14,Critical,22.5,120,16,6,6,4,7,5,4
2025-04-06 19:05:17.724899,Interface Flapping,Site_18,Warning,31.0,90,19,6,6,4,3,9,1
2025-04-06 19:15:50.873793,High CPU,Site_8,Info,30.7,33,19,6,6,4,2,18,0
2025-04-06 19:17:15.352360,Interface Flapping,Site_10,Info,28.8,152,19,6,6,4,3,1,0
2025-04-06 20:57:14.452455,Latency Spike,Site_6,Warning,22.5,12,20,6,6,4,4,16,1
2025-04-07 03:17:52.954352,Authentication Failure,Site_17,Info,27.0,29,3,7,0,4,0,8,0
2025-04-07 03:30:43.920483,Temperature Alert,Site_2,Critical,29.0,76,3,7,0,4,9,11,4
2025-04-07 06:34:22.060382,Packet Loss,Site_17,Major,27.1,34,6,7,0,4,7,8,3
2025-04-07 07:10:27.293431,Authentication Failure,Site_1,Critical,32.5,140,7,7,0,4,0,0,4
2025-04-07 14:11:12.596180,Power Issue,Site_3,Minor,33.9,16,14,7,0,4,8,13,2
2025-04-07 15:29:20.607625,Packet Loss,Site_18,Major,23.7,164,15,7,0,4,7,9,3
2025-04-07 16:21:22.749914,Latency Spike,Site_14,Warning,24.9,3,16,7,0,4,4,5,1
2025-04-07 16:37:17.219698,Latency Spike,Site_3,Minor,29.4,39,16,7,0,4,4,13,2
2025-04-07 16:55:36.449877,High CPU,Site_3,Critical,26.1,90,16,7,0,4,2,13,4
2025-04-07 20:44:55.730524,Memory Overflow,Site_6,Info,24.9,122,20,7,0,4,6,16,0
2025-04-07 22:31:47.553798,Temperature Alert,Site_12,Critical,27.8,39,22,7,0,4,9,3,4
2025-04-07 23:36:26.300721,Temperature Alert,Site_5,Major,23.9,9,23,7,0,4,9,15,3
2025-04-08 01:07:04.823204,Link Down,Site_5,Info,39.5,147,1,8,1,4,5,15,0
2025-04-08 05:57:08.289638,Temperature Alert,Site_5,Major,28.4,74,5,8,1,4,9,15,3
2025-04-08 06:29:53.925596,Config Change,Site_5,Minor,25.3,66,6,8,1,4,1,15,2
2025-04-08 07:01:01.769743,Authentication Failure,Site_3,Major,20.4,80,7,8,1,4,0,13,3
2025-04-08 09:48:27.696665,Interface Flapping,Site_4,Major,33.5,130,9,8,1,4,3,14,3
2025-04-08 10:50:37.471010,Memory Overflow,Site_2,Major,26.9,162,10,8,1,4,6,11,3
2025-04-08 15:47:42.706939,Authentication Failure,Site_3,Critical,21.5,171,15,8,1,4,0,13,4
2025-04-08 19:19:21.135186,Link Down,Site_13,Minor,32.8,152,19,8,1,4,5,4,2
2025-04-08 19:51:59.827598,Memory Overflow,Site_10,Minor,32.5,63,19,8,1,4,6,1,2
2025-04-08 20:59:57.081831,Config Change,Site_8,Major,25.0,104,20,8,1,4,1,18,3
2025-04-08 22:47:25.241457,Memory Overflow,Site_17,Info,23.6,9,22,8,1,4,6,8,0
2025-04-09 00:57:26.386504,Config Change,Site_15,Info,32.0,9,0,9,2,4,1,6,0
2025-04-09 00:58:43.268994,Latency Spike,Site_12,Info,25.2,166,0,9,2,4,4,3,0
2025-04-09 06:02:11.219030,Power Issue,Site_11,Info,33.1,76,6,9,2,4,8,2,0
2025-04-09 06:40:41.713246,Memory Overflow,Site_3,Major,23.0,3,6,9,2,4,6,13,3
2025-04-09 11:03:35.857480,Interface Flapping,Site_12,Minor,22.8,65,11,9,2,4,3,3,2
2025-04-09 11:30:19.384676,Interface Flapping,Site_6,Major,26.7,4,11,9,2,4,3,16,3
2025-04-09 13:54:22.441351,Link Down,Site_5,Critical,35.7,27,13,9,2,4,5,15,4
2025-04-09 16:25:10.885767,Packet Loss,Site_5,Warning,26.6,99,16,9,2,4,7,15,1
2025-04-09 16:40:51.134638,Interface Flapping,Site_16,Critical,32.5,57,16,9,2,4,3,7,4
2025-04-09 18:05:29.344142,Temperature Alert,Site_4,Major,24.8,66,18,9,2,4,9,14,3
2025-04-09 21:54:24.621092,Memory Overflow,Site_15,Minor,21.9,118,21,9,2,4,6,6,2
2025-04-09 22:19:29.237338,Interface Flapping,Site_20,Critical,34.5,160,22,9,2,4,3,12,4
2025-04-10 00:58:47.547074,Authentication Failure,Site_13,Info,20.8,41,0,10,3,4,0,4,0
2025-04-10 03:23:05.943345,Link Down,Site_2,Info,18.1,124,3,10,3,4,5,11,0
2025-04-10 05:26:53.799058,Power Issue,Site_15,Warning,30.9,61,5,10,3,4,8,6,1
2025-04-10 05:42:02.723129,Config Change,Site_3,Warning,29.8,129,5,10,3,4,1,13,1
2025-04-10 06:21:23.805623,Latency Spike,Site_11,Info,39.7,7,6,10,3,4,4,2,0
2025-04-10 06:58:14.424425,Link Down,Site_8,Info,33.9,31,6,10,3,4,5,18,0
2025-04-10 07:22:42.842202,Interface Flapping,Site_14,Minor,30.0,66,7,10,3,4,3,5,2
2025-04-10 09:41:53.188109,Temperature Alert,Site_14,Info,26.0,87,9,10,3,4,9,5,0
2025-04-10 12:35:22.444642,Interface Flapping,Site_17,Critical,30.0,24,12,10,3,4,3,8,4
2025-04-10 19:37:31.255755,Temperature Alert,Site_7,Warning,26.9,161,19,10,3,4,9,17,1
2025-04-10 20:20:28.038250,Memory Overflow,Site_20,Critical,32.4,126,20,10,3,4,6,12,4
2025-04-11 01:56:09.504438,Temperature Alert,Site_11,Major,33.4,80,1,11,4,4,9,2,3
2025-04-11 06:29:11.739245,Packet Loss,Site_15,Critical,27.5,104,6,11,4,4,7,6,4
2025-04-11 08:20:50.339021,Interface Flapping,Site_8,Critical,19.8,88,8,11,4,4,3,18,4
2025-04-11 09:11:58.435766,Authentication Failure,Site_19,Warning,28.6,76,9,11,4,4,0,10,1
2025-04-11 09:14:49.970414,Latency Spike,Site_9,Warning,27.8,130,9,11,4,4,4,19,1
2025-04-11 09:20:24.617750,Temperature Alert,Site_5,Major,31.0,170,9,11,4,4,9,15,3
2025-04-11 10:56:18.862414,Memory Overflow,Site_8,Warning,29.2,127,10,11,4,4,6,18,1
2025-04-11 10:59:50.663911,Interface Flapping,Site_18,Warning,24.4,105,10,11,4,4,3,9,1
2025-04-11 17:23:50.051892,Latency Spike,Site_17,Warning,24.9,100,17,11,4,4,4,8,1
2025-04-11 20:26:47.801272,Temperature Alert,Site_20,Major,28.4,94,20,11,4,4,9,12,3
2025-04-11 22:24:14.197254,Power Issue,Site_2,Info,25.4,47,22,11,4,4,8,11,0
2025-04-11 23:23:01.194886,Link Down,Site_15,Critical,24.5,65,23,11,4,4,5,6,4
2025-04-11 23:48:25.858404,Packet Loss,Site_15,Minor,28.5,10,23,11,4,4,7,6,2
2025-04-12 01:26:54.287612,Memory Overflow,Site_8,Warning,32.8,15,1,12,5,4,6,18,1
2025-04-12 03:19:17.554022,Config Change,Site_12,Major,18.0,93,3,12,5,4,1,3,3
2025-04-12 03:26:12.402970,Packet Loss,Site_18,Critical,21.0,2,3,12,5,4,7,9,4
2025-04-12 04:05:45.731298,High CPU,Site_5,Info,27.8,79,4,12,5,4,2,15,0
2025-04-12 04:40:17.755170,Memory Overflow,Site_5,Minor,28.6,4,4,12,5,4,6,15,2
2025-04-12 05:30:41.453360,Authentication Failure,Site_2,Warning,25.9,25,5,12,5,4,0,11,1
2025-04-12 11:34:44.529263,High CPU,Site_20,Warning,23.4,142,11,12,5,4,2,12,1
2025-04-12 14:40:10.935062,Power Issue,Site_3,Major,28.8,25,14,12,5,4,8,13,3
2025-04-12 15:39:07.629769,Power Issue,Site_3,Minor,18.1,115,15,12,5,4,8,13,2
2025-04-12 18:35:35.063533,High CPU,Site_16,Warning,24.9,77,18,12,5,4,2,7,1
2025-04-12 20:57:59.306602,Link Down,Site_14,Minor,32.7,115,20,12,5,4,5,5,2
2025-04-12 21:59:48.646362,Packet Loss,Site_14,Minor,29.6,176,21,12,5,4,7,5,2
2025-04-12 23:13:56.120099,Memory Overflow,Site_2,Info,33.3,88,23,12,5,4,6,11,0
2025-04-13 01:18:53.628655,Memory Overflow,Site_1,Info,29.4,28,1,13,6,4,6,0,0
2025-04-13 10:36:02.519672,Temperature Alert,Site_20,Minor,39.0,139,10,13,6,4,9,12,2
2025-04-13 10:49:40.222058,Authentication Failure,Site_13,Info,31.7,117,10,13,6,4,0,4,0
2025-04-13 14:53:45.146565,Authentication Failure,Site_18,Major,22.8,44,14,13,6,4,0,9,3
2025-04-13 17:11:30.005563,Power Issue,Site_5,Warning,35.8,76,17,13,6,4,8,15,1
2025-04-13 17:28:52.992280,Authentication Failure,Site_18,Major,19.6,69,17,13,6,4,0,9,3
2025-04-13 23:05:38.931180,High CPU,Site_2,Major,22.6,110,23,13,6,4,2,11,3
2025-04-14 00:02:37.771769,High CPU,Site_9,Info,34.4,74,0,14,0,4,2,19,0
2025-04-14 03:56:12.529060,Memory Overflow,Site_9,Minor,33.5,117,3,14,0,4,6,19,2
2025-04-14 07:26:50.085818,Packet Loss,Site_11,Critical,34.9,47,7,14,0,4,7,2,4
2025-04-14 07:50:40.814314,Memory Overflow,Site_19,Info,31.4,32,7,14,0,4,6,10,0
2025-04-14 08:04:09.919104,Packet Loss,Site_18,Critical,33.1,94,8,14,0,4,7,9,4
2025-04-14 11:33:03.980362,High CPU,Site_16,Info,31.6,15,11,14,0,4,2,7,0
2025-04-14 11:36:59.212885,Config Change,Site_9,Warning,33.2,126,11,14,0,4,1,19,1
2025-04-14 14:09:16.047075,High CPU,Site_17,Warning,19.6,50,14,14,0,4,2,8,1
2025-04-14 17:53:22.103597,High CPU,Site_17,Major,31.1,15,17,14,0,4,2,8,3
2025-04-14 18:49:29.278866,Config Change,Site_1,Major,26.0,39,18,14,0,4,1,0,3
2025-04-14 18:50:00.122233,Link Down,Site_6,Critical,31.2,110,18,14,0,4,5,16,4
2025-04-14 22:48:09.303226,Power Issue,Site_13,Major,23.9,173,22,14,0,4,8,4,3
2025-04-15 04:49:28.291063,Temperature Alert,Site_20,Major,31.7,62,4,15,1,4,9,12,3
2025-04-15 05:07:32.797812,Memory Overflow,Site_14,Critical,24.4,50,5,15,1,4,6,5,4
2025-04-15 08:34:14.083077,Link Down,Site_16,Info,32.8,90,8,15,1,4,5,7,0
2025-04-15 09:02:31.473450,Temperature Alert,Site_4,Minor,28.0,7,9,15,1,4,9,14,2
2025-04-15 14:50:56.779688,Temperature Alert,Site_20,Major,35.9,177,14,15,1,4,9,12,3
2025-04-15 17:52:20.262754,Authentication Failure,Site_15,Info,20.2,109,17,15,1,4,0,6,0
2025-04-15 18:10:24.486723,Authentication Failure,Site_7,Warning,19.2,178,18,15,1,4,0,17,1
2025-04-15 20:27:05.836703,Latency Spike,Site_1,Critical,20.6,171,20,15,1,4,4,0,4
2025-04-15 20:33:12.544982,Memory Overflow,Site_4,Minor,24.9,32,20,15,1,4,6,14,2
2025-04-16 03:36:39.343788,Packet Loss,Site_8,Minor,32.3,141,3,16,2,4,7,18,2
2025-04-16 08:15:15.175872,Temperature Alert,Site_5,Warning,33.7,67,8,16,2,4,9,15,1
2025-04-16 09:12:56.898243,Memory Overflow,Site_13,Minor,29.3,156,9,16,2,4,6,4,2
2025-04-16 12:35:09.782298,Packet Loss,Site_7,Warning,19.5,129,12,16,2,4,7,17,1
2025-04-16 13:52:38.030445,Interface Flapping,Site_3,Info,33.6,16,13,16,2,4,3,13,0
2025-04-16 20:39:52.466791,Power Issue,Site_11,Minor,23.0,2,20,16,2,4,8,2,2
2025-04-16 21:57:16.889520,High CPU,Site_8,Warning,33.1,113,21,16,2,4,2,18,1
2025-04-16 22:39:00.666679,Power Issue,Site_1,Warning,25.5,77,22,16,2,4,8,0,1
2025-04-17 04:04:39.167288,Latency Spike,Site_3,Info,20.0,157,4,17,3,4,4,13,0
2025-04-17 11:22:54.184078,Packet Loss,Site_2,Major,27.8,173,11,17,3,4,7,11,3
2025-04-17 11:30:11.125784,Packet Loss,Site_3,Warning,20.1,1,11,17,3,4,7,13,1
2025-04-17 11:55:05.741534,Power Issue,Site_13,Warning,23.5,6,11,17,3,4,8,4,1
2025-04-17 15:48:42.657432,Authentication Failure,Site_20,Warning,32.6,175,15,17,3,4,0,12,1
2025-04-17 17:41:53.341117,Authentication Failure,Site_12,Minor,31.0,160,17,17,3,4,0,3,2
2025-04-17 18:38:55.889991,Authentication Failure,Site_8,Info,24.9,40,18,17,3,4,0,18,0
2025-04-17 19:05:04.437774,Power Issue,Site_2,Info,25.3,39,19,17,3,4,8,11,0
2025-04-17 20:14:17.865592,Temperature Alert,Site_12,Warning,25.6,17,20,17,3,4,9,3,1
2025-04-17 23:09:12.349959,Temperature Alert,Site_6,Minor,22.0,159,23,17,3,4,9,16,2
2025-04-17 23:55:34.634726,Temperature Alert,Site_5,Major,27.3,19,23,17,3,4,9,15,3
2025-04-18 02:00:01.662091,Packet Loss,Site_17,Critical,19.0,15,2,18,4,4,7,8,4
2025-04-18 03:10:11.242498,Temperature Alert,Site_15,Info,21.6,35,3,18,4,4,9,6,0
2025-04-18 09:58:16.750192,High CPU,Site_17,Warning,23.3,13,9,18,4,4,2,8,1
2025-04-18 11:39:54.722713,Memory Overflow,Site_17,Info,26.2,157,11,18,4,4,6,8,0
2025-04-18 13:12:43.574799,Authentication Failure,Site_8,Minor,34.5,94,13,18,4,4,0,18,2
2025-04-18 14:28:53.206066,Authentication Failure,Site_12,Critical,34.5,54,14,18,4,4,0,3,4
2025-04-18 16:02:43.516234,Latency Spike,Site_18,Minor,32.8,16,16,18,4,4,4,9,2
2025-04-18 16:09:23.612067,Link Down,Site_12,Minor,26.9,163,16,18,4,4,5,3,2
2025-04-18 18:50:07.812587,Temperature Alert,Site_7,Critical,25.9,35,18,18,4,4,9,17,4
2025-04-18 20:11:53.366900,Latency Spike,Site_19,Critical,30.5,73,20,18,4,4,4,10,4
2025-04-18 20:33:49.669499,Power Issue,Site_15,Warning,24.9,23,20,18,4,4,8,6,1
2025-04-18 21:36:53.933278,Latency Spike,Site_2,Warning,27.5,168,21,18,4,4,4,11,1
2025-04-19 00:19:20.898274,Temperature Alert,Site_20,Warning,35.7,104,0,19,5,4,9,12,1
2025-04-19 01:53:06.893174,Memory Overflow,Site_15,Info,31.6,52,1,19,5,4,6,6,0
2025-04-19 03:06:01.508791,Config Change,Site_19,Warning,24.9,156,3,19,5,4,1,10,1
2025-04-19 04:05:25.118651,Config Change,Site_14,Info,21.8,121,4,19,5,4,1,5,0
2025-04-19 06:13:45.460847,Interface Flapping,Site_3,Minor,19.0,52,6,19,5,4,3,13,2
2025-04-19 08:13:04.650112,High CPU,Site_10,Critical,31.9,164,8,19,5,4,2,1,4
2025-04-19 08:20:10.871888,Latency Spike,Site_20,Info,26.8,17,8,19,5,4,4,12,0
2025-04-19 08:52:43.171857,High CPU,Site_11,Major,25.9,76,8,19,5,4,2,2,3
2025-04-19 10:43:49.153510,Power Issue,Site_18,Critical,29.1,8,10,19,5,4,8,9,4
2025-04-19 15:38:23.965548,Authentication Failure,Site_17,Critical,22.2,101,15,19,5,4,0,8,4
2025-04-19 16:48:07.890756,Temperature Alert,Site_1,Info,24.9,111,16,19,5,4,9,0,0
2025-04-19 17:54:02.920577,Authentication Failure,Site_3,Warning,32.4,9,17,19,5,4,0,13,1
2025-04-19 22:09:33.791029,Packet Loss,Site_10,Critical,26.8,121,22,19,5,4,7,1,4
2025-04-20 00:08:05.558666,Power Issue,Site_11,Critical,34.6,127,0,20,6,4,8,2,4
2025-04-20 01:33:38.259140,Authentication Failure,Site_8,Minor,26.1,126,1,20,6,4,0,18,2
2025-04-20 02:02:41.589106,Power Issue,Site_6,Info,30.3,22,2,20,6,4,8,16,0
2025-04-20 02:23:42.047716,Interface Flapping,Site_13,Info,25.3,160,2,20,6,4,3,4,0
2025-04-20 03:51:35.994669,Link Down,Site_12,Info,23.4,6,3,20,6,4,5,3,0
2025-04-20 05:43:55.550363,Authentication Failure,Site_6,Minor,29.3,139,5,20,6,4,0,16,2
2025-04-20 07:10:32.436043,High CPU,Site_10,Minor,26.2,117,7,20,6,4,2,1,2
2025-04-20 12:01:52.652055,Power Issue,Site_10,Major,27.4,53,12,20,6,4,8,1,3
2025-04-20 12:09:53.051433,Temperature Alert,Site_13,Warning,32.4,70,12,20,6,4,9,4,1
2025-04-20 15:03:20.022119,Memory Overflow,Site_13,Warning,25.3,52,15,20,6,4,6,4,1
2025-04-20 15:08:54.330344,Temperature Alert,Site_15,Info,35.0,96,15,20,6,4,9,6,0
2025-04-20 15:14:33.516740,Power Issue,Site_7,Info,19.5,175,15,20,6,4,8,17,0
2025-04-20 17:45:58.620501,Power Issue,Site_6,Warning,32.1,105,17,20,6,4,8,16,1
2025-04-20 19:46:40.454800,Packet Loss,Site_17,Critical,29.4,88,19,20,6,4,7,8,4
2025-04-20 21:23:39.498122,Memory Overflow,Site_20,Minor,39.9,51,21,20,6,4,6,12,2
2025-04-20 23:21:51.172407,High CPU,Site_18,Warning,26.1,7,23,20,6,4,2,9,1
2025-04-21 07:10:32.241764,Interface Flapping,Site_16,Critical,30.6,15,7,21,0,4,3,7,4
2025-04-21 08:39:17.044109,High CPU,Site_12,Major,24.3,64,8,21,0,4,2,3,3
2025-04-21 09:51:57.615069,Packet Loss,Site_17,Critical,28.5,49,9,21,0,4,7,8,4
2025-04-21 12:12:24.472033,Interface Flapping,Site_15,Info,26.0,38,12,21,0,4,3,6,0
2025-04-21 16:50:38.191354,Latency Spike,Site_4,Warning,30.8,147,16,21,0,4,4,14,1
2025-04-21 21:37:14.508867,Power Issue,Site_4,Minor,22.8,34,21,21,0,4,8,14,2
2025-04-22 03:41:28.633937,Packet Loss,Site_5,Warning,27.9,119,3,22,1,4,7,15,1
2025-04-22 04:01:47.115795,Authentication Failure,Site_1,Warning,18.5,71,4,22,1,4,0,0,1
2025-04-22 06:22:05.883744,Memory Overflow,Site_2,Info,31.8,166,6,22,1,4,6,11,0
2025-04-22 08:22:41.598955,Link Down,Site_8,Major,30.1,167,8,22,1,4,5,18,3
2025-04-22 11:15:55.802179,Packet Loss,Site_8,Major,29.6,79,11,22,1,4,7,18,3
2025-04-23 00:02:49.463819,Memory Overflow,Site_15,Warning,32.6,20,0,23,2,4,6,6,1
2025-04-23 00:32:53.038435,Link Down,Site_20,Minor,35.9,68,0,23,2,4,5,12,2
2025-04-23 01:24:09.433151,Memory Overflow,Site_12,Warning,32.3,161,1,23,2,4,6,3,1
2025-04-23 03:58:11.566721,Packet Loss,Site_17,Minor,31.4,83,3,23,2,4,7,8,2
2025-04-23 08:10:52.064480,Link Down,Site_16,Minor,30.1,160,8,23,2,4,5,7,2
2025-04-23 17:35:49.181088,Packet Loss,Site_15,Warning,31.5,178,17,23,2,4,7,6,1
2025-04-23 19:17:30.361850,High CPU,Site_4,Info,26.4,93,19,23,2,4,2,14,0
2025-04-23 19:22:52.016065,Authentication Failure,Site_15,Warning,26.1,111,19,23,2,4,0,6,1
2025-04-23 19:49:25.134906,Config Change,Site_10,Warning,32.8,53,19,23,2,4,1,1,1
2025-04-24 01:17:26.241963,Memory Overflow,Site_10,Minor,25.0,115,1,24,3,4,6,1,2
2025-04-24 01:46:28.077942,Interface Flapping,Site_11,Critical,25.4,159,1,24,3,4,3,2,4
2025-04-24 01:54:39.015631,Interface Flapping,Site_1,Minor,34.3,148,1,24,3,4,3,0,2
2025-04-24 05:20:48.927707,Authentication Failure,Site_11,Info,33.4,115,5,24,3,4,0,2,0
2025-04-24 10:28:35.169197,Latency Spike,Site_14,Critical,22.0,18,10,24,3,4,4,5,4
2025-04-24 13:08:33.343622,Config Change,Site_4,Warning,24.4,169,13,24,3,4,1,14,1
2025-04-24 15:31:06.627117,Power Issue,Site_15,Minor,34.9,43,15,24,3,4,8,6,2
2025-04-24 17:23:45.191089,Latency Spike,Site_15,Minor,21.8,132,17,24,3,4,4,6,2
2025-04-24 17:43:14.756177,High CPU,Site_16,Minor,29.2,131,17,24,3,4,2,7,2
2025-04-24 18:56:25.441339,Config Change,Site_8,Info,30.2,128,18,24,3,4,1,18,0
2025-04-24 21:52:50.845487,Memory Overflow,Site_17,Minor,26.4,37,21,24,3,4,6,8,2
2025-04-25 01:28:22.035152,Config Change,Site_10,Critical,34.6,147,1,25,4,4,1,1,4
2025-04-25 03:15:55.970182,High CPU,Site_17,Warning,30.6,31,3,25,4,4,2,8,1
2025-04-25 04:37:19.281895,Temperature Alert,Site_20,Major,24.0,86,4,25,4,4,9,12,3
2025-04-25 04:39:44.195765,High CPU,Site_5,Warning,37.7,10,4,25,4,4,2,15,1
2025-04-25 05:37:30.476551,Interface Flapping,Site_19,Major,28.9,52,5,25,4,4,3,10,3
2025-04-25 09:15:11.704829,Interface Flapping,Site_17,Info,26.4,100,9,25,4,4,3,8,0
2025-04-25 09:25:38.043196,Temperature Alert,Site_4,Major,25.1,151,9,25,4,4,9,14,3
2025-04-25 10:51:30.308092,Memory Overflow,Site_9,Info,25.7,166,10,25,4,4,6,19,0
2025-04-25 14:01:16.940849,High CPU,Site_17,Minor,22.9,78,14,25,4,4,2,8,2
2025-04-25 20:25:39.570023,Memory Overflow,Site_17,Minor,32.6,109,20,25,4,4,6,8,2
2025-04-25 20:35:29.090309,Config Change,Site_5,Warning,29.4,124,20,25,4,4,1,15,1
2025-04-25 23:51:20.712549,High CPU,Site_8,Major,20.0,95,23,25,4,4,2,18,3
2025-04-26 01:33:38.524402,Link Down,Site_16,Info,22.2,149,1,26,5,4,5,7,0
2025-04-26 02:55:38.351228,Authentication Failure,Site_18,Major,32.2,68,2,26,5,4,0,9,3
2025-04-26 05:54:07.924552,Memory Overflow,Site_9,Major,24.4,92,5,26,5,4,6,19,3
2025-04-26 07:00:22.319521,Latency Spike,Site_13,Major,32.4,81,7,26,5,4,4,4,3
2025-04-26 09:13:04.735373,Packet Loss,Site_11,Critical,38.1,76,9,26,5,4,7,2,4
2025-04-26 09:44:16.275510,Temperature Alert,Site_12,Warning,22.0,106,9,26,5,4,9,3,1
2025-04-26 11:23:46.625910,High CPU,Site_7,Info,27.3,158,11,26,5,4,2,17,0
2025-04-26 12:58:27.658042,Authentication Failure,Site_6,Major,30.6,51,12,26,5,4,0,16,3
2025-04-26 15:26:57.186072,Config Change,Site_4,Minor,26.7,89,15,26,5,4,1,14,2
2025-04-26 22:49:05.407561,Power Issue,Site_6,Minor,34.5,138,22,26,5,4,8,16,2
2025-04-27 03:29:44.773948,Latency Spike,Site_15,Minor,22.6,146,3,27,6,4,4,6,2
2025-04-27 05:22:21.323762,Power Issue,Site_2,Critical,34.5,151,5,27,6,4,8,11,4
2025-04-27 07:53:08.085788,Config Change,Site_5,Major,38.2,128,7,27,6,4,1,15,3
2025-04-27 13:56:07.270639,Interface Flapping,Site_9,Info,21.6,96,13,27,6,4,3,19,0
2025-04-27 14:23:53.411490,Temperature Alert,Site_5,Major,35.7,114,14,27,6,4,9,15,3
2025-04-27 14:26:15.129561,Link Down,Site_15,Critical,32.3,120,14,27,6,4,5,6,4
2025-04-27 16:38:05.709038,Config Change,Site_1,Critical,21.6,100,16,27,6,4,1,0,4
2025-04-27 17:08:07.729992,Authentication Failure,Site_11,Major,25.9,110,17,27,6,4,0,2,3
2025-04-27 22:13:34.640119,Authentication Failure,Site_18,Warning,20.1,114,22,27,6,4,0,9,1
2025-04-28 04:30:29.835108,Config Change,Site_3,Minor,21.6,165,4,28,0,4,1,13,2
2025-04-28 07:18:56.064206,Config Change,Site_6,Info,24.8,163,7,28,0,4,1,16,0
2025-04-28 07:57:56.060076,Power Issue,Site_14,Critical,33.7,54,7,28,0,4,8,5,4
2025-04-28 08:13:43.151312,Temperature Alert,Site_11,Major,30.0,180,8,28,0,4,9,2,3
2025-04-28 08:54:32.878537,Link Down,Site_17,Warning,27.0,49,8,28,0,4,5,8,1
2025-04-28 13:36:09.663842,Latency Spike,Site_7,Info,18.1,1,13,28,0,4,4,17,0
2025-04-28 14:08:26.440718,High CPU,Site_6,Info,20.2,103,14,28,0,4,2,16,0
2025-04-28 14:14:04.436768,Packet Loss,Site_18,Info,26.5,86,14,28,0,4,7,9,0
2025-04-28 16:57:18.285921,Config Change,Site_14,Minor,30.9,121,16,28,0,4,1,5,2
2025-04-28 19:16:04.491512,Temperature Alert,Site_5,Major,37.4,29,19,28,0,4,9,15,3
2025-04-28 21:27:04.237446,Power Issue,Site_17,Info,18.8,74,21,28,0,4,8,8,0
2025-04-28 23:00:32.412458,Interface Flapping,Site_13,Info,22.8,85,23,28,0,4,3,4,0
2025-04-29 00:30:14.405997,Authentication Failure,Site_8,Warning,34.7,156,0,29,1,4,0,18,1
2025-04-29 01:14:32.315036,Link Down,Site_1,Minor,27.4,137,1,29,1,4,5,0,2
2025-04-29 02:55:01.601418,Temperature Alert,Site_1,Warning,24.3,125,2,29,1,4,9,0,1
2025-04-29 04:54:30.614480,High CPU,Site_4,Warning,26.2,47,4,29,1,4,2,14,1
2025-04-29 11:12:46.728791,Authentication Failure,Site_7,Minor,24.4,154,11,29,1,4,0,17,2
2025-04-29 12:58:40.747161,Authentication Failure,Site_14,Info,33.6,59,12,29,1,4,0,5,0
2025-04-29 13:37:47.851733,Memory Overflow,Site_8,Info,33.1,40,13,29,1,4,6,18,0
2025-04-29 18:04:00.153536,Power Issue,Site_1,Minor,27.3,80,18,29,1,4,8,0,2
2025-04-30 01:48:36.270757,Power Issue,Site_18,Minor,19.8,103,1,30,2,4,8,9,2
2025-04-30 03:03:43.180759,Authentication Failure,Site_7,Critical,26.1,115,3,30,2,4,0,17,4
2025-04-30 03:31:16.924497,Power Issue,Site_14,Critical,20.5,22,3,30,2,4,8,5,4
2025-04-30 04:07:50.837781,Temperature Alert,Site_11,Major,28.5,14,4,30,2,4,9,2,3
2025-04-30 06:57:51.268661,Temperature Alert,Site_5,Major,24.0,62,6,30,2,4,9,15,3
2025-04-30 11:23:13.640136,High CPU,Site_18,Info,19.6,126,11,30,2,4,2,9,0
2025-04-30 11:58:38.847403,Config Change,Site_18,Critical,28.5,104,11,30,2,4,1,9,4
2025-04-30 13:38:16.869037,High CPU,Site_6,Major,21.4,18,13,30,2,4,2,16,3
2025-04-30 15:01:59.003022,Latency Spike,Site_9,Critical,26.8,21,15,30,2,4,4,19,4
2025-04-30 16:15:12.844646,Power Issue,Site_5,Info,33.8,99,16,30,2,4,8,15,0
2025-04-30 16:21:03.569280,Latency Spike,Site_1,Critical,31.4,176,16,30,2,4,4,0,4
2025-04-30 16:55:07.757507,Packet Loss,Site_2,Info,20.1,20,16,30,2,4,7,11,0
2025-04-30 18:21:01.051637,Authentication Failure,Site_2,Info,31.9,155,18,30,2,4,0,11,0
2025-04-30 21:20:39.920068,Latency Spike,Site_3,Minor,22.2,106,21,30,2,4,4,13,2
2025-04-30 23:05:56.251983,Power Issue,Site_8,Critical,22.1,96,23,30,2,4,8,18,4
2025-05-01 03:25:51.370384,Latency Spike,Site_7,Warning,27.7,124,3,1,3,5,4,17,1
2025-05-01 07:33:25.616950,Temperature Alert,Site_18,Warning,19.4,6,7,1,3,5,9,9,1
2025-05-01 09:51:34.639341,Config Change,Site_18,Warning,30.0,132,9,1,3,5,1,9,1
2025-05-01 12:25:24.026651,High CPU,Site_4,Critical,18.4,26,12,1,3,5,2,14,4
2025-05-01 13:29:42.492927,Link Down,Site_13,Major,29.2,34,13,1,3,5,5,4,3
2025-05-01 13:45:20.545289,Link Down,Site_9,Critical,25.8,54,13,1,3,5,5,19,4
2025-05-01 15:41:26.241217,Power Issue,Site_9,Warning,22.7,77,15,1,3,5,8,19,1
2025-05-01 17:45:08.913668,Latency Spike,Site_15,Warning,28.8,58,17,1,3,5,4,6,1
2025-05-01 18:25:27.734979,Authentication Failure,Site_19,Critical,25.7,64,18,1,3,5,0,10,4
2025-05-01 20:10:40.513040,Latency Spike,Site_14,Minor,23.1,148,20,1,3,5,4,5,2
2025-05-01 20:17:34.618264,Temperature Alert,Site_5,Major,25.6,54,20,1,3,5,9,15,3
2025-05-01 21:41:07.871076,Link Down,Site_17,Major,20.8,49,21,1,3,5,5,8,3
2025-05-01 22:37:54.261617,Power Issue,Site_4,Warning,20.0,156,22,1,3,5,8,14,1
2025-05-02 07:31:01.249579,Latency Spike,Site_18,Major,33.3,66,7,2,4,5,4,9,3
2025-05-02 10:06:06.367731,Config Change,Site_14,Warning,29.0,157,10,2,4,5,1,5,1
2025-05-02 17:13:32.644263,Authentication Failure,Site_4,Warning,34.8,92,17,2,4,5,0,14,1
2025-05-02 22:30:50.262225,Packet Loss,Site_19,Critical,33.3,128,22,2,4,5,7,10,4
2025-05-02 23:15:42.795480,Memory Overflow,Site_3,Minor,34.3,33,23,2,4,5,6,13,2
2025-05-02 23:54:05.821144,Memory Overflow,Site_4,Minor,26.5,176,23,2,4,5,6,14,2
2025-05-03 01:38:28.005085,Config Change,Site_3,Minor,20.0,19,1,3,5,5,1,13,2
2025-05-03 01:41:22.427432,Authentication Failure,Site_19,Minor,26.7,81,1,3,5,5,0,10,2
2025-05-03 05:19:01.019908,Interface Flapping,Site_13,Major,22.0,3,5,3,5,5,3,4,3
2025-05-03 05:59:53.398382,Packet Loss,Site_19,Info,31.8,162,5,3,5,5,7,10,0
2025-05-03 06:57:43.742205,High CPU,Site_17,Critical,29.2,170,6,3,5,5,2,8,4
2025-05-03 09:06:29.208922,Link Down,Site_9,Warning,31.9,123,9,3,5,5,5,19,1
2025-05-03 10:02:18.115795,Memory Overflow,Site_2,Critical,23.9,146,10,3,5,5,6,11,4
2025-05-03 10:25:29.445937,Link Down,Site_1,Warning,25.0,100,10,3,5,5,5,0,1
2025-05-03 12:20:51.109829,Packet Loss,Site_1,Warning,33.7,91,12,3,5,5,7,0,1
2025-05-03 21:36:29.329182,Power Issue,Site_6,Minor,30.6,5,21,3,5,5,8,16,2
2025-05-03 23:54:47.460334,Interface Flapping,Site_4,Minor,32.7,60,23,3,5,5,3,14,2
2025-05-04 00:29:41.362844,Latency Spike,Site_9,Minor,30.3,89,0,4,6,5,4,19,2
2025-05-04 01:37:56.969937,Memory Overflow,Site_19,Major,27.4,117,1,4,6,5,6,10,3
2025-05-04 01:54:03.515589,High CPU,Site_9,Major,31.6,75,1,4,6,5,2,19,3
2025-05-04 06:35:32.787778,Power Issue,Site_5,Minor,34.1,104,6,4,6,5,8,15,2
2025-05-04 07:41:06.344097,Power Issue,Site_18,Info,18.6,24,7,4,6,5,8,9,0
2025-05-04 09:11:48.460213,Latency Spike,Site_9,Major,28.6,147,9,4,6,5,4,19,3
2025-05-04 09:57:56.707197,Temperature Alert,Site_12,Critical,25.4,12,9,4,6,5,9,3,4
2025-05-04 11:23:02.191482,Authentication Failure,Site_7,Warning,21.9,162,11,4,6,5,0,17,1
2025-05-04 12:06:29.863764,Temperature Alert,Site_19,Critical,27.7,88,12,4,6,5,9,10,4
2025-05-04 12:26:32.902334,Interface Flapping,Site_4,Info,26.5,65,12,4,6,5,3,14,0
2025-05-04 14:25:27.714901,Interface Flapping,Site_1,Info,34.2,50,14,4,6,5,3,0,0
2025-05-04 17:10:46.095082,Config Change,Site_4,Info,29.8,81,17,4,6,5,1,14,0
2025-05-04 18:16:05.327195,Authentication Failure,Site_1,Critical,30.4,41,18,4,6,5,0,0,4
2025-05-04 18:20:11.059113,Packet Loss,Site_20,Major,31.7,63,18,4,6,5,7,12,3
2025-05-04 19:13:21.583675,Power Issue,Site_18,Warning,26.3,1,19,4,6,5,8,9,1
2025-05-04 21:15:20.769433,High CPU,Site_17,Info,24.0,74,21,4,6,5,2,8,0
2025-05-04 22:19:29.374672,Memory Overflow,Site_17,Info,28.2,103,22,4,6,5,6,8,0
2025-05-04 23:30:42.793815,Packet Loss,Site_12,Minor,21.9,56,23,4,6,5,7,3,2
2025-05-05 03:17:18.607932,Temperature Alert,Site_16,Minor,29.4,169,3,5,0,5,9,7,2
2025-05-05 09:28:20.384627,Interface Flapping,Site_8,Major,19.9,93,9,5,0,5,3,18,3
2025-05-05 12:07:36.713182,Latency Spike,Site_3,Major,22.8,74,12,5,0,5,4,13,3
2025-05-05 12:20:55.183470,Authentication Failure,Site_19,Minor,23.4,112,12,5,0,5,0,10,2
2025-05-05 18:35:38.088127,Temperature Alert,Site_15,Minor,31.1,123,18,5,0,5,9,6,2
2025-05-05 23:21:10.303985,Authentication Failure,Site_5,Info,24.5,150,23,5,0,5,0,15,0
2025-05-06 00:17:44.326931,Memory Overflow,Site_8,Info,27.6,114,0,6,1,5,6,18,0
2025-05-06 01:19:49.868868,Packet Loss,Site_14,Major,31.6,104,1,6,1,5,7,5,3
2025-05-06 01:46:29.240413,Temperature Alert,Site_9,Major,33.0,174,1,6,1,5,9,19,3
2025-05-06 04:04:12.500764,Power Issue,Site_1,Info,33.6,129,4,6,1,5,8,0,0
2025-05-06 07:18:22.987716,High CPU,Site_6,Critical,28.3,47,7,6,1,5,2,16,4
2025-05-06 07:39:45.145309,Interface Flapping,Site_17,Major,31.4,168,7,6,1,5,3,8,3
2025-05-06 09:53:45.112072,Authentication Failure,Site_13,Critical,28.8,35,9,6,1,5,0,4,4
2025-05-06 13:55:59.658632,Authentication Failure,Site_8,Warning,21.9,3,13,6,1,5,0,18,1
2025-05-06 16:28:13.208048,Power Issue,Site_5,Info,31.6,139,16,6,1,5,8,15,0
2025-05-06 18:46:42.648521,Power Issue,Site_1,Minor,20.2,28,18,6,1,5,8,0,2
2025-05-06 19:21:14.268321,Temperature Alert,Site_9,Minor,21.3,7,19,6,1,5,9,19,2
2025-05-06 19:22:03.559067,Authentication Failure,Site_6,Info,21.0,85,19,6,1,5,0,16,0
2025-05-06 20:27:12.233778,Packet Loss,Site_12,Minor,28.4,9,20,6,1,5,7,3,2
2025-05-06 20:33:03.530709,Config Change,Site_14,Info,20.2,121,20,6,1,5,1,5,0
2025-05-06 20:35:58.764850,Memory Overflow,Site_11,Info,24.0,29,20,6,1,5,6,2,0
2025-05-06 21:21:16.723233,Interface Flapping,Site_2,Warning,29.2,75,21,6,1,5,3,11,1
2025-05-06 21:34:07.934057,Interface Flapping,Site_8,Warning,25.1,109,21,6,1,5,3,18,1
2025-05-06 23:13:59.261978,Temperature Alert,Site_20,Major,29.2,73,23,6,1,5,9,12,3
2025-05-06 23:51:38.287164,Latency Spike,Site_6,Critical,30.2,69,23,6,1,5,4,16,4
2025-05-07 02:12:01.101698,Interface Flapping,Site_18,Minor,33.4,151,2,7,2,5,3,9,2
2025-05-07 02:58:54.788452,Link Down,Site_10,Major,20.5,151,2,7,2,5,5,1,3
2025-05-07 03:17:40.021382,Interface Flapping,Site_4,Info,21.3,157,3,7,2,5,3,14,0
2025-05-07 03:19:49.640644,High CPU,Site_10,Info,33.7,171,3,7,2,5,2,1,0
2025-05-07 06:01:27.689760,Interface Flapping,Site_14,Warning,23.2,117,6,7,2,5,3,5,1
2025-05-07 07:14:10.142847,Link Down,Site_4,Critical,18.5,17,7,7,2,5,5,14,4
2025-05-07 10:24:04.427993,Latency Spike,Site_13,Warning,24.3,144,10,7,2,5,4,4,1
2025-05-07 11:03:23.259871,Temperature Alert,Site_8,Minor,32.7,54,11,7,2,5,9,18,2
2025-05-07 11:43:51.910359,Power Issue,Site_17,Minor,19.2,21,11,7,2,5,8,8,2
2025-05-07 13:54:39.372646,Power Issue,Site_16,Minor,18.8,33,13,7,2,5,8,7,2
2025-05-07 17:08:48.469500,Power Issue,Site_3,Info,27.0,126,17,7,2,5,8,13,0
2025-05-07 21:00:56.040661,High CPU,Site_8,Warning,26.4,40,21,7,2,5,2,18,1
2025-05-08 00:51:23.376849,Packet Loss,Site_3,Minor,25.7,20,0,8,3,5,7,13,2
2025-05-08 01:35:16.443390,Packet Loss,Site_6,Info,33.0,60,1,8,3,5,7,16,0
2025-05-08 04:32:27.002855,Temperature Alert,Site_5,Major,30.4,110,4,8,3,5,9,15,3
2025-05-08 07:24:05.599095,Packet Loss,Site_18,Info,31.0,79,7,8,3,5,7,9,0
2025-05-08 10:38:07.770870,Memory Overflow,Site_17,Warning,24.6,160,10,8,3,5,6,8,1
2025-05-08 14:49:06.332725,High CPU,Site_1,Minor,18.8,158,14,8,3,5,2,0,2
2025-05-08 16:59:54.979537,High CPU,Site_14,Info,21.7,20,16,8,3,5,2,5,0
2025-05-08 19:08:37.051520,High CPU,Site_5,Major,31.4,70,19,8,3,5,2,15,3
2025-05-09 01:20:11.187974,Packet Loss,Site_9,Info,31.7,157,1,9,4,5,7,19,0
2025-05-09 04:59:27.403719,Temperature Alert,Site_12,Major,20.4,30,4,9,4,5,9,3,3
2025-05-09 08:59:36.361575,Temperature Alert,Site_18,Warning,20.4,100,8,9,4,5,9,9,1
2025-05-09 09:29:09.277683,Temperature Alert,Site_14,Warning,30.3,168,9,9,4,5,9,5,1
2025-05-09 11:07:28.197612,High CPU,Site_6,Info,29.4,72,11,9,4,5,2,16,0
2025-05-09 11:56:50.169263,Interface Flapping,Site_19,Critical,27.5,169,11,9,4,5,3,10,4
2025-05-09 12:17:19.394140,Latency Spike,Site_10,Major,29.8,69,12,9,4,5,4,1,3
2025-05-09 12:58:33.722940,Packet Loss,Site_13,Major,34.8,81,12,9,4,5,7,4,3
2025-05-09 13:34:12.247594,Memory Overflow,Site_20,Warning,37.2,71,13,9,4,5,6,12,1
2025-05-09 13:45:58.708470,High CPU,Site_14,Info,24.3,36,13,9,4,5,2,5,0
2025-05-09 17:58:00.605480,Memory Overflow,Site_14,Warning,26.8,17,17,9,4,5,6,5,1
2025-05-09 21:04:45.432575,Temperature Alert,Site_11,Major,35.5,159,21,9,4,5,9,2,3
2025-05-09 21:21:46.762109,Authentication Failure,Site_15,Major,30.5,74,21,9,4,5,0,6,3
2025-05-09 21:56:16.172013,Temperature Alert,Site_20,Warning,36.5,45,21,9,4,5,9,12,1
2025-05-09 22:46:24.552231,Power Issue,Site_4,Major,32.4,153,22,9,4,5,8,14,3
2025-05-10 00:24:51.671054,Link Down,Site_2,Critical,28.4,106,0,10,5,5,5,11,4
2025-05-10 00:28:03.158307,Memory Overflow,Site_18,Critical,30.3,45,0,10,5,5,6,9,4
2025-05-10 04:53:22.788116,Config Change,Site_9,Minor,29.8,39,4,10,5,5,1,19,2
2025-05-10 04:53:43.769436,Interface Flapping,Site_17,Warning,21.8,167,4,10,5,5,3,8,1
2025-05-10 05:01:46.046804,Authentication Failure,Site_7,Critical,26.3,43,5,10,5,5,0,17,4
2025-05-10 05:08:32.735426,High CPU,Site_2,Major,19.6,155,5,10,5,5,2,11,3
2025-05-10 07:32:33.916144,Power Issue,Site_20,Minor,36.0,46,7,10,5,5,8,12,2
2025-05-10 09:16:04.398985,Temperature Alert,Site_1,Minor,21.7,32,9,10,5,5,9,0,2
2025-05-10 11:51:38.767953,Config Change,Site_13,Major,29.2,51,11,10,5,5,1,4,3
2025-05-10 12:02:35.830412,Memory Overflow,Site_6,Warning,32.5,137,12,10,5,5,6,16,1
2025-05-10 16:10:01.935465,Latency Spike,Site_19,Warning,22.8,170,16,10,5,5,4,10,1
2025-05-10 18:25:07.841555,Temperature Alert,Site_20,Major,35.0,49,18,10,5,5,9,12,3
2025-05-10 20:53:26.055298,Memory Overflow,Site_14,Major,20.6,47,20,10,5,5,6,5,3
2025-05-11 00:52:25.970066,Latency Spike,Site_16,Minor,31.9,133,0,11,6,5,4,7,2
2025-05-11 03:51:46.383524,Link Down,Site_2,Major,29.0,25,3,11,6,5,5,11,3
2025-05-11 05:00:56.718481,Temperature Alert,Site_11,Major,27.3,28,5,11,6,5,9,2,3
2025-05-11 05:26:03.473088,Temperature Alert,Site_5,Major,31.8,96,5,11,6,5,9,15,3
2025-05-11 06:05:54.539743,Power Issue,Site_10,Critical,19.5,83,6,11,6,5,8,1,4
2025-05-11 08:52:49.611801,High CPU,Site_9,Info,30.7,7,8,11,6,5,2,19,0
2025-05-11 09:28:46.672423,Packet Loss,Site_10,Info,34.8,112,9,11,6,5,7,1,0
2025-05-11 12:45:42.345174,Link Down,Site_8,Critical,34.3,103,12,11,6,5,5,18,4
2025-05-11 13:17:03.603942,Packet Loss,Site_8,Critical,38.8,13,13,11,6,5,7,18,4
2025-05-11 17:55:12.424907,Authentication Failure,Site_19,Major,20.9,80,17,11,6,5,0,10,3
2025-05-11 18:26:07.618093,Memory Overflow,Site_20,Critical,30.8,142,18,11,6,5,6,12,4
2025-05-11 19:51:39.762403,Temperature Alert,Site_11,Major,25.5,127,19,11,6,5,9,2,3
2025-05-11 22:21:29.254121,Link Down,Site_2,Minor,19.6,158,22,11,6,5,5,11,2
2025-05-12 02:12:17.221755,Interface Flapping,Site_18,Info,26.0,21,2,12,0,5,3,9,0
2025-05-12 02:32:30.918500,Temperature Alert,Site_2,Major,21.5,38,2,12,0,5,9,11,3
2025-05-12 08:01:01.017732,Packet Loss,Site_7,Minor,25.4,29,8,12,0,5,7,17,2
2025-05-12 08:40:07.740468,Packet Loss,Site_1,Warning,30.2,132,8,12,0,5,7,0,1
2025-05-12 14:07:59.607263,Interface Flapping,Site_14,Major,34.4,2,14,12,0,5,3,5,3
2025-05-12 15:00:28.225773,Interface Flapping,Site_11,Info,34.6,93,15,12,0,5,3,2,0
2025-05-12 19:27:16.303444,Authentication Failure,Site_17,Warning,22.9,21,19,12,0,5,0,8,1
2025-05-12 19:35:28.310651,Link Down,Site_4,Critical,24.6,94,19,12,0,5,5,14,4
2025-05-12 20:05:06.888788,Packet Loss,Site_4,Warning,28.6,151,20,12,0,5,7,14,1
2025-05-12 20:25:19.893681,Interface Flapping,Site_8,Critical,18.9,15,20,12,0,5,3,18,4
2025-05-12 20:32:32.299918,Link Down,Site_5,Major,31.8,77,20,12,0,5,5,15,3
2025-05-12 22:34:14.806113,Config Change,Site_7,Minor,19.8,39,22,12,0,5,1,17,2
2025-05-12 22:36:07.028711,Packet Loss,Site_11,Critical,30.9,2,22,12,0,5,7,2,4
2025-05-13 00:32:02.141249,Temperature Alert,Site_1,Critical,34.1,76,0,13,1,5,9,0,4
2025-05-13 04:35:07.078236,Latency Spike,Site_4,Warning,18.0,9,4,13,1,5,4,14,1
2025-05-13 07:46:09.373448,Power Issue,Site_10,Major,34.1,155,7,13,1,5,8,1,3
2025-05-13 17:00:02.099009,Config Change,Site_10,Info,22.5,43,17,13,1,5,1,1,0
2025-05-13 18:42:42.718630,Interface Flapping,Site_19,Critical,31.6,103,18,13,1,5,3,10,4
2025-05-13 21:05:53.084383,Power Issue,Site_7,Major,30.7,11,21,13,1,5,8,17,3
2025-05-14 00:19:22.154778,Link Down,Site_5,Minor,26.7,70,0,14,2,5,5,15,2
2025-05-14 02:25:40.548294,Interface Flapping,Site_18,Info,34.1,150,2,14,2,5,3,9,0
2025-05-14 08:15:06.552031,Packet Loss,Site_5,Info,26.9,128,8,14,2,5,7,15,0
2025-05-14 12:17:19.587061,High CPU,Site_18,Critical,24.3,7,12,14,2,5,2,9,4
2025-05-14 15:00:46.197151,Temperature Alert,Site_4,Warning,23.8,120,15,14,2,5,9,14,1
2025-05-14 18:11:43.683918,Memory Overflow,Site_1,Critical,33.6,121,18,14,2,5,6,0,4
2025-05-14 22:32:17.492081,Temperature Alert,Site_19,Critical,26.8,88,22,14,2,5,9,10,4
2025-05-14 23:32:32.567831,High CPU,Site_1,Critical,29.0,71,23,14,2,5,2,0,4
2025-05-15 00:23:14.899673,Latency Spike,Site_2,Major,26.8,15,0,15,3,5,4,11,3
2025-05-15 02:04:34.461429,Temperature Alert,Site_15,Warning,23.3,123,2,15,3,5,9,6,1
2025-05-15 02:28:11.284336,Latency Spike,Site_14,Critical,22.5,170,2,15,3,5,4,5,4
2025-05-15 04:25:27.251544,Authentication Failure,Site_17,Info,19.8,97,4,15,3,5,0,8,0
2025-05-15 06:42:59.933273,Power Issue,Site_2,Warning,31.4,115,6,15,3,5,8,11,1
2025-05-15 09:54:27.244134,Temperature Alert,Site_9,Critical,24.1,18,9,15,3,5,9,19,4
2025-05-15 17:37:45.600210,Config Change,Site_4,Minor,27.3,2,17,15,3,5,1,14,2
2025-05-15 17:54:00.739540,Config Change,Site_8,Major,32.9,14,17,15,3,5,1,18,3
2025-05-15 19:02:38.191632,Temperature Alert,Site_9,Warning,21.7,9,19,15,3,5,9,19,1
2025-05-15 21:08:11.090418,Interface Flapping,Site_14,Info,34.8,158,21,15,3,5,3,5,0
2025-05-15 22:25:53.321285,Authentication Failure,Site_15,Major,29.1,151,22,15,3,5,0,6,3
2025-05-15 23:23:41.720268,Power Issue,Site_2,Critical,30.7,62,23,15,3,5,8,11,4
2025-05-15 23:36:37.140739,Temperature Alert,Site_5,Major,26.0,55,23,15,3,5,9,15,3
2025-05-16 01:02:14.884996,Packet Loss,Site_4,Critical,28.5,131,1,16,4,5,7,14,4
2025-05-16 01:03:51.941695,Latency Spike,Site_13,Critical,31.1,125,1,16,4,5,4,4,4
2025-05-16 01:27:03.750973,Config Change,Site_18,Minor,30.8,137,1,16,4,5,1,9,2
2025-05-16 02:59:11.571101,Memory Overflow,Site_3,Warning,18.5,88,2,16,4,5,6,13,1
2025-05-16 16:16:16.425170,Packet Loss,Site_4,Warning,26.8,126,16,16,4,5,7,14,1
2025-05-16 18:44:06.380276,Latency Spike,Site_9,Critical,27.0,108,18,16,4,5,4,19,4
2025-05-16 18:53:53.186096,Temperature Alert,Site_9,Minor,21.7,152,18,16,4,5,9,19,2
2025-05-16 19:20:34.827930,Link Down,Site_18,Warning,24.0,89,19,16,4,5,5,9,1
2025-05-16 19:23:27.031439,Temperature Alert,Site_2,Minor,22.3,123,19,16,4,5,9,11,2
2025-05-16 19:44:25.398465,Latency Spike,Site_1,Major,29.7,79,19,16,4,5,4,0,3
2025-05-16 20:19:43.616099,Config Change,Site_6,Critical,33.7,17,20,16,4,5,1,16,4
2025-05-17 01:11:54.758581,Power Issue,Site_9,Info,31.7,54,1,17,5,5,8,19,0
2025-05-17 01:39:40.633238,Memory Overflow,Site_9,Warning,25.4,7,1,17,5,5,6,19,1
2025-05-17 01:45:39.007252,Config Change,Site_8,Critical,23.7,141,1,17,5,5,1,18,4
2025-05-17 01:58:57.487105,Memory Overflow,Site_2,Critical,19.2,54,1,17,5,5,6,11,4
2025-05-17 02:27:31.027910,Power Issue,Site_7,Major,31.9,27,2,17,5,5,8,17,3
2025-05-17 03:14:57.487090,Config Change,Site_19,Minor,22.1,123,3,17,5,5,1,10,2
2025-05-17 06:47:04.139275,Latency Spike,Site_17,Minor,24.9,70,6,17,5,5,4,8,2
2025-05-17 10:46:58.569432,Link Down,Site_12,Warning,25.2,119,10,17,5,5,5,3,1
2025-05-17 10:48:15.072020,High CPU,Site_18,Major,19.9,159,10,17,5,5,2,9,3
2025-05-17 16:30:22.588405,Interface Flapping,Site_7,Warning,34.1,62,16,17,5,5,3,17,1
2025-05-17 18:30:35.591974,Authentication Failure,Site_16,Critical,20.6,127,18,17,5,5,0,7,4
2025-05-17 21:41:01.078875,Temperature Alert,Site_8,Critical,22.7,161,21,17,5,5,9,18,4
2025-05-18 03:22:44.265187,Temperature Alert,Site_13,Major,30.9,36,3,18,6,5,9,4,3
2025-05-18 09:54:30.596313,High CPU,Site_3,Warning,33.1,83,9,18,6,5,2,13,1
2025-05-18 13:23:34.957673,Power Issue,Site_16,Minor,22.5,43,13,18,6,5,8,7,2
2025-05-18 15:09:14.854025,Authentication Failure,Site_10,Minor,27.1,70,15,18,6,5,0,1,2
2025-05-18 15:59:31.506275,Config Change,Site_9,Minor,23.4,174,15,18,6,5,1,19,2
2025-05-18 19:09:39.025296,Config Change,Site_18,Minor,28.6,146,19,18,6,5,1,9,2
2025-05-18 19:23:39.884800,Temperature Alert,Site_9,Minor,19.4,35,19,18,6,5,9,19,2
2025-05-18 22:35:01.420991,Latency Spike,Site_17,Major,32.2,88,22,18,6,5,4,8,3
2025-05-19 03:42:21.123128,Latency Spike,Site_12,Info,21.7,53,3,19,0,5,4,3,0
2025-05-19 05:20:16.109319,Temperature Alert,Site_5,Major,28.5,106,5,19,0,5,9,15,3
2025-05-19 06:13:15.516464,Power Issue,Site_2,Warning,27.0,37,6,19,0,5,8,11,1
2025-05-19 06:50:25.598452,High CPU,Site_16,Info,30.7,15,6,19,0,5,2,7,0
2025-05-19 07:14:49.096852,High CPU,Site_18,Critical,25.1,170,7,19,0,5,2,9,4
2025-05-19 08:15:59.153823,Config Change,Site_4,Critical,24.6,138,8,19,0,5,1,14,4
2025-05-19 08:21:09.270048,Link Down,Site_11,Minor,24.5,29,8,19,0,5,5,2,2
2025-05-19 11:17:01.007663,Packet Loss,Site_11,Critical,26.5,132,11,19,0,5,7,2,4
2025-05-19 13:27:16.777158,Temperature Alert,Site_10,Info,22.1,114,13,19,0,5,9,1,0
2025-05-19 13:47:03.348329,Latency Spike,Site_9,Major,31.4,2,13,19,0,5,4,19,3
2025-05-19 14:48:12.072722,Power Issue,Site_1,Minor,19.7,119,14,19,0,5,8,0,2
2025-05-19 15:03:52.482513,Memory Overflow,Site_13,Major,31.7,150,15,19,0,5,6,4,3
2025-05-19 17:31:21.409928,Power Issue,Site_13,Critical,24.4,66,17,19,0,5,8,4,4
2025-05-19 18:55:01.140198,Authentication Failure,Site_19,Critical,31.5,106,18,19,0,5,0,10,4
2025-05-19 21:36:45.668574,Link Down,Site_20,Major,34.0,141,21,19,0,5,5,12,3
2025-05-19 23:06:16.980989,Packet Loss,Site_20,Minor,34.3,67,23,19,0,5,7,12,2
2025-05-20 01:55:48.386120,Memory Overflow,Site_3,Major,23.0,21,1,20,1,5,6,13,3
2025-05-20 06:12:53.623048,High CPU,Site_1,Critical,30.6,13,6,20,1,5,2,0,4
2025-05-20 09:48:46.631840,Power Issue,Site_3,Minor,19.3,72,9,20,1,5,8,13,2
2025-05-20 09:52:30.622865,Link Down,Site_20,Major,35.8,126,9,20,1,5,5,12,3
2025-05-20 14:34:17.266501,High CPU,Site_13,Major,18.7,22,14,20,1,5,2,4,3
2025-05-20 19:47:17.056968,Authentication Failure,Site_4,Warning,30.5,91,19,20,1,5,0,14,1
2025-05-21 02:11:09.696610,High CPU,Site_17,Warning,30.2,60,2,21,2,5,2,8,1
2025-05-21 03:17:58.151660,Authentication Failure,Site_10,Major,29.3,82,3,21,2,5,0,1,3
2025-05-21 03:49:13.135642,Config Change,Site_18,Info,33.0,51,3,21,2,5,1,9,0
2025-05-21 04:48:35.137754,High CPU,Site_7,Minor,29.4,56,4,21,2,5,2,17,2
2025-05-21 06:31:36.960106,Config Change,Site_20,Major,39.5,81,6,21,2,5,1,12,3
2025-05-21 11:39:10.889282,Latency Spike,Site_7,Major,24.5,94,11,21,2,5,4,17,3
2025-05-21 12:01:19.178422,Memory Overflow,Site_1,Warning,30.7,34,12,21,2,5,6,0,1
2025-05-21 12:58:03.255825,Temperature Alert,Site_4,Warning,24.3,37,12,21,2,5,9,14,1
2025-05-21 12:59:49.588720,Memory Overflow,Site_3,Info,23.0,142,12,21,2,5,6,13,0
2025-05-21 17:44:49.933563,Interface Flapping,Site_10,Warning,18.7,23,17,21,2,5,3,1,1
2025-05-21 18:41:08.247082,Memory Overflow,Site_15,Info,25.7,45,18,21,2,5,6,6,0
2025-05-21 19:31:59.663814,Power Issue,Site_4,Major,24.1,132,19,21,2,5,8,14,3
2025-05-21 22:58:36.636287,Temperature Alert,Site_5,Major,28.4,16,22,21,2,5,9,15,3
2025-05-21 23:28:58.951332,Packet Loss,Site_17,Warning,20.8,10,23,21,2,5,7,8,1
2025-05-21 23:34:26.250272,Latency Spike,Site_19,Major,20.6,130,23,21,2,5,4,10,3
2025-05-22 01:12:20.691598,Packet Loss,Site_12,Minor,32.0,108,1,22,3,5,7,3,2
2025-05-22 03:04:00.148849,Latency Spike,Site_16,Critical,24.4,156,3,22,3,5,4,7,4
2025-05-22 06:18:52.595816,Config Change,Site_3,Major,29.9,45,6,22,3,5,1,13,3
2025-05-22 06:40:31.246792,Config Change,Site_1,Major,18.6,92,6,22,3,5,1,0,3
2025-05-22 09:48:12.114440,Packet Loss,Site_19,Major,21.8,37,9,22,3,5,7,10,3
2025-05-22 13:24:10.228688,Temperature Alert,Site_11,Major,29.8,138,13,22,3,5,9,2,3
2025-05-22 14:13:11.521655,Packet Loss,Site_6,Critical,27.6,161,14,22,3,5,7,16,4
2025-05-22 18:01:00.537274,Memory Overflow,Site_17,Critical,26.6,10,18,22,3,5,6,8,4
2025-05-22 19:57:42.201101,Packet Loss,Site_17,Warning,19.2,58,19,22,3,5,7,8,1
2025-05-22 21:01:22.537341,Authentication Failure,Site_16,Critical,18.8,96,21,22,3,5,0,7,4
2025-05-22 23:31:16.112905,Link Down,Site_14,Major,28.9,78,23,22,3,5,5,5,3
2025-05-23 00:50:23.465052,High CPU,Site_20,Major,28.6,52,0,23,4,5,2,12,3
2025-05-23 01:57:44.007525,Memory Overflow,Site_20,Major,29.0,174,1,23,4,5,6,12,3
2025-05-23 02:01:21.697494,Authentication Failure,Site_16,Major,34.4,178,2,23,4,5,0,7,3
2025-05-23 02:51:38.460621,Link Down,Site_3,Info,34.4,153,2,23,4,5,5,13,0
2025-05-23 04:19:17.377736,Config Change,Site_4,Major,26.4,128,4,23,4,5,1,14,3
2025-05-23 04:28:13.094077,Latency Spike,Site_4,Critical,30.3,87,4,23,4,5,4,14,4
2025-05-23 06:24:02.324363,High CPU,Site_4,Info,30.6,15,6,23,4,5,2,14,0
2025-05-23 06:57:56.172855,Packet Loss,Site_4,Minor,33.7,149,6,23,4,5,7,14,2
2025-05-23 07:37:22.225143,Authentication Failure,Site_5,Major,27.8,171,7,23,4,5,0,15,3
2025-05-23 12:04:40.260030,Memory Overflow,Site_11,Warning,37.1,107,12,23,4,5,6,2,1
2025-05-23 12:18:14.664967,Interface Flapping,Site_10,Critical,33.4,81,12,23,4,5,3,1,4
2025-05-23 12:48:38.954737,Power Issue,Site_20,Info,33.3,50,12,23,4,5,8,12,0
2025-05-23 12:57:15.946274,Temperature Alert,Site_4,Info,21.6,58,12,23,4,5,9,14,0
2025-05-23 13:09:08.936412,Temperature Alert,Site_11,Major,34.8,27,13,23,4,5,9,2,3
2025-05-23 13:10:21.942033,High CPU,Site_15,Minor,28.3,172,13,23,4,5,2,6,2
2025-05-23 14:54:03.353839,Latency Spike,Site_16,Major,19.7,51,14,23,4,5,4,7,3
2025-05-23 16:23:00.123725,Latency Spike,Site_12,Info,29.8,146,16,23,4,5,4,3,0
2025-05-23 18:21:05.908722,High CPU,Site_13,Major,22.0,161,18,23,4,5,2,4,3
2025-05-23 19:15:27.274074,Temperature Alert,Site_15,Warning,18.6,25,19,23,4,5,9,6,1
2025-05-23 19:18:11.373935,Temperature Alert,Site_20,Major,30.1,74,19,23,4,5,9,12,3
2025-05-23 20:02:36.386069,High CPU,Site_16,Info,34.0,133,20,23,4,5,2,7,0
2025-05-23 22:07:25.122813,High CPU,Site_20,Warning,36.1,94,22,23,4,5,2,12,1
2025-05-23 22:11:13.245791,Temperature Alert,Site_17,Major,30.5,93,22,23,4,5,9,8,3
2025-05-24 05:01:39.597739,Link Down,Site_12,Minor,23.3,36,5,24,5,5,5,3,2
2025-05-24 07:37:06.162282,Packet Loss,Site_12,Major,26.4,175,7,24,5,5,7,3,3
2025-05-24 07:44:56.094532,Interface Flapping,Site_7,Info,20.2,144,7,24,5,5,3,17,0
2025-05-24 09:17:26.949668,Authentication Failure,Site_15,Critical,30.0,74,9,24,5,5,0,6,4
2025-05-24 09:35:53.480886,Power Issue,Site_1,Info,18.2,154,9,24,5,5,8,0,0
2025-05-24 09:40:25.844241,Config Change,Site_4,Warning,21.5,134,9,24,5,5,1,14,1
2025-05-24 13:03:16.188375,Power Issue,Site_15,Warning,26.6,30,13,24,5,5,8,6,1
2025-05-24 13:39:24.356681,Temperature Alert,Site_7,Minor,22.6,127,13,24,5,5,9,17,2
2025-05-24 14:38:16.962368,Link Down,Site_8,Info,20.2,75,14,24,5,5,5,18,0
2025-05-24 14:42:51.183227,Authentication Failure,Site_4,Critical,34.5,54,14,24,5,5,0,14,4
2025-05-24 19:20:23.206271,Memory Overflow,Site_1,Info,19.9,147,19,24,5,5,6,0,0
2025-05-24 19:27:35.900689,Power Issue,Site_10,Minor,34.2,55,19,24,5,5,8,1,2
2025-05-24 21:07:48.113685,Latency Spike,Site_17,Critical,32.3,127,21,24,5,5,4,8,4
2025-05-25 08:55:15.826711,Temperature Alert,Site_19,Info,21.4,2,8,25,6,5,9,10,0
2025-05-25 09:50:22.356122,Interface Flapping,Site_13,Info,34.4,17,9,25,6,5,3,4,0
2025-05-25 13:46:45.689817,Authentication Failure,Site_15,Minor,28.4,46,13,25,6,5,0,6,2
2025-05-25 14:25:57.756623,Latency Spike,Site_4,Info,32.9,12,14,25,6,5,4,14,0
2025-05-25 14:39:32.953175,Temperature Alert,Site_9,Warning,31.8,125,14,25,6,5,9,19,1
2025-05-25 18:42:53.235132,Packet Loss,Site_20,Info,31.7,47,18,25,6,5,7,12,0
2025-05-25 18:43:52.055754,Interface Flapping,Site_15,Warning,28.9,49,18,25,6,5,3,6,1
2025-05-25 22:12:14.203597,Authentication Failure,Site_17,Info,25.0,47,22,25,6,5,0,8,0
2025-05-26 00:14:02.433965,High CPU,Site_19,Info,21.2,154,0,26,0,5,2,10,0
2025-05-26 02:30:02.756386,High CPU,Site_13,Minor,29.2,179,2,26,0,5,2,4,2
2025-05-26 04:09:23.581011,Packet Loss,Site_9,Warning,31.2,81,4,26,0,5,7,19,1
2025-05-26 05:10:31.657635,Power Issue,Site_18,Warning,26.5,101,5,26,0,5,8,9,1
2025-05-26 05:54:36.037843,High CPU,Site_9,Minor,28.4,142,5,26,0,5,2,19,2
2025-05-26 08:56:39.855623,Memory Overflow,Site_9,Major,26.5,180,8,26,0,5,6,19,3
2025-05-26 11:32:47.113685,Temperature Alert,Site_11,Major,37.5,132,11,26,0,5,9,2,3
2025-05-26 11:33:06.409166,Temperature Alert,Site_3,Critical,18.2,113,11,26,0,5,9,13,4
2025-05-26 12:06:20.926094,Config Change,Site_13,Minor,28.2,173,12,26,0,5,1,4,2
2025-05-26 13:26:46.000993,Interface Flapping,Site_18,Info,34.9,63,13,26,0,5,3,9,0
2025-05-26 14:19:34.745551,Link Down,Site_1,Warning,23.1,119,14,26,0,5,5,0,1
2025-05-26 18:13:12.646432,Memory Overflow,Site_8,Info,32.0,25,18,26,0,5,6,18,0
2025-05-26 18:14:57.050843,Link Down,Site_9,Major,19.4,66,18,26,0,5,5,19,3
2025-05-26 19:16:43.342762,Power Issue,Site_5,Critical,25.2,143,19,26,0,5,8,15,4
2025-05-26 19:30:15.021496,Power Issue,Site_1,Warning,20.9,40,19,26,0,5,8,0,1
2025-05-26 22:34:18.353997,Latency Spike,Site_4,Critical,29.9,169,22,26,0,5,4,14,4
2025-05-27 01:43:03.297185,Config Change,Site_8,Minor,20.0,162,1,27,1,5,1,18,2
2025-05-27 06:52:31.238211,Config Change,Site_6,Minor,24.3,88,6,27,1,5,1,16,2
2025-05-27 07:42:06.718455,Link Down,Site_1,Warning,22.0,90,7,27,1,5,5,0,1
2025-05-27 13:09:38.593462,Link Down,Site_19,Critical,23.0,131,13,27,1,5,5,10,4
2025-05-27 14:20:34.889192,Packet Loss,Site_7,Major,31.4,74,14,27,1,5,7,17,3
2025-05-27 19:39:12.559534,High CPU,Site_16,Info,29.5,58,19,27,1,5,2,7,0
2025-05-27 20:35:32.361425,High CPU,Site_1,Minor,24.2,69,20,27,1,5,2,0,2
2025-05-27 22:24:29.842748,High CPU,Site_8,Info,26.3,110,22,27,1,5,2,18,0
2025-05-28 00:11:36.625893,Authentication Failure,Site_8,Major,23.8,49,0,28,2,5,0,18,3
2025-05-28 00:28:09.824602,Temperature Alert,Site_18,Minor,34.8,7,0,28,2,5,9,9,2
2025-05-28 07:16:45.164376,Memory Overflow,Site_7,Minor,25.1,164,7,28,2,5,6,17,2
2025-05-28 08:42:09.441900,Config Change,Site_2,Major,18.3,156,8,28,2,5,1,11,3
2025-05-28 09:15:26.101701,Latency Spike,Site_13,Minor,25.8,18,9,28,2,5,4,4,2
2025-05-28 10:20:32.843655,Link Down,Site_7,Warning,25.2,51,10,28,2,5,5,17,1
2025-05-28 11:09:54.262665,Packet Loss,Site_7,Info,27.3,58,11,28,2,5,7,17,0
2025-05-28 11:55:05.896178,Link Down,Site_20,Critical,25.6,85,11,28,2,5,5,12,4
2025-05-28 14:14:43.608190,Packet Loss,Site_20,Info,30.0,101,14,28,2,5,7,12,0
2025-05-28 21:38:44.741898,Latency Spike,Site_11,Warning,23.3,36,21,28,2,5,4,2,1
2025-05-29 03:06:10.292597,Authentication Failure,Site_6,Major,22.2,83,3,29,3,5,0,16,3
2025-05-29 03:10:20.183272,Temperature Alert,Site_11,Major,29.2,72,3,29,3,5,9,2,3
2025-05-29 04:27:19.395337,Link Down,Site_16,Major,33.1,169,4,29,3,5,5,7,3
2025-05-29 04:58:29.453555,Authentication Failure,Site_3,Info,21.2,102,4,29,3,5,0,13,0
2025-05-29 06:33:55.465904,Memory Overflow,Site_10,Major,19.4,156,6,29,3,5,6,1,3
2025-05-29 07:39:27.125994,Power Issue,Site_19,Info,26.1,97,7,29,3,5,8,10,0
2025-05-29 13:38:11.683453,Authentication Failure,Site_11,Major,30.8,180,13,29,3,5,0,2,3
2025-05-29 14:00:34.170689,Interface Flapping,Site_8,Warning,29.3,132,14,29,3,5,3,18,1
2025-05-29 14:34:00.672389,Temperature Alert,Site_17,Warning,33.0,11,14,29,3,5,9,8,1
2025-05-29 15:27:43.359988,Config Change,Site_16,Info,21.0,14,15,29,3,5,1,7,0
2025-05-29 16:55:29.752957,Interface Flapping,Site_9,Critical,25.6,9,16,29,3,5,3,19,4
2025-05-29 17:09:03.440230,Temperature Alert,Site_18,Major,26.0,2,17,29,3,5,9,9,3
2025-05-29 17:38:30.309679,Temperature Alert,Site_20,Major,36.2,68,17,29,3,5,9,12,3
2025-05-29 17:41:20.892779,Packet Loss,Site_8,Info,33.7,74,17,29,3,5,7,18,0
2025-05-29 18:22:41.924274,Link Down,Site_4,Info,20.4,174,18,29,3,5,5,14,0
2025-05-29 18:41:16.676174,Config Change,Site_6,Info,27.2,143,18,29,3,5,1,16,0
2025-05-29 19:18:02.240187,Interface Flapping,Site_8,Info,28.0,65,19,29,3,5,3,18,0
2025-05-30 00:25:19.231489,Config Change,Site_5,Minor,35.1,91,0,30,4,5,1,15,2
2025-05-30 02:58:37.255670,Config Change,Site_9,Major,27.4,55,2,30,4,5,1,19,3
2025-05-30 06:53:21.679609,Config Change,Site_19,Minor,22.4,167,6,30,4,5,1,10,2
2025-05-30 11:19:31.173280,Authentication Failure,Site_6,Warning,25.0,161,11,30,4,5,0,16,1
2025-05-30 12:01:46.862891,Link Down,Site_10,Info,29.7,29,12,30,4,5,5,1,0
2025-05-30 13:39:00.395568,Packet Loss,Site_1,Minor,18.1,74,13,30,4,5,7,0,2
2025-05-30 15:19:08.318186,Temperature Alert,Site_5,Major,23.0,173,15,30,4,5,9,15,3
2025-05-30 17:31:52.789988,Authentication Failure,Site_4,Info,34.4,89,17,30,4,5,0,14,0
2025-05-30 20:08:25.035418,Authentication Failure,Site_2,Info,19.7,175,20,30,4,5,0,11,0
2025-05-30 23:01:11.846966,High CPU,Site_12,Warning,27.5,5,23,30,4,5,2,3,1
2025-05-31 01:34:07.861474,Link Down,Site_6,Critical,25.2,174,1,31,5,5,5,16,4
2025-05-31 02:43:07.296530,High CPU,Site_6,Critical,22.7,39,2,31,5,5,2,16,4
2025-05-31 03:23:57.393942,Temperature Alert,Site_10,Warning,26.4,34,3,31,5,5,9,1,1
2025-05-31 03:24:38.536542,Packet Loss,Site_14,Minor,32.7,119,3,31,5,5,7,5,2
2025-05-31 08:42:21.344240,Config Change,Site_19,Info,21.8,149,8,31,5,5,1,10,0
2025-05-31 08:45:30.956245,Memory Overflow,Site_4,Minor,19.6,177,8,31,5,5,6,14,2
2025-05-31 09:05:20.544615,Temperature Alert,Site_5,Major,25.9,96,9,31,5,5,9,15,3
2025-05-31 22:36:08.449323,Interface Flapping,Site_19,Info,33.2,144,22,31,5,5,3,10,0
2025-06-01 03:56:30.979641,Interface Flapping,Site_11,Info,31.0,145,3,1,6,6,3,2,0
2025-06-01 04:05:03.009844,High CPU,Site_15,Info,31.4,139,4,1,6,6,2,6,0
2025-06-01 04:41:56.860260,Power Issue,Site_8,Warning,31.2,39,4,1,6,6,8,18,1
2025-06-01 05:42:30.574378,Authentication Failure,Site_11,Critical,24.7,9,5,1,6,6,0,2,4
2025-06-01 06:12:38.202616,Latency Spike,Site_18,Critical,23.6,121,6,1,6,6,4,9,4
2025-06-01 10:43:08.951833,Power Issue,Site_19,Info,25.6,7,10,1,6,6,8,10,0
2025-06-01 11:44:24.284503,Authentication Failure,Site_5,Minor,39.8,174,11,1,6,6,0,15,2
2025-06-01 11:52:39.348439,Link Down,Site_6,Major,18.3,96,11,1,6,6,5,16,3
2025-06-01 12:06:20.551861,High CPU,Site_9,Minor,20.9,64,12,1,6,6,2,19,2
